id,skill_id,prerequisite_id
1,decimal_to_rational,rational_to_decimal
2,formula_expand_cubic,decimal_to_rational
3,formula_expand_cubic,rational_to_decimal
4,formula_factor_cubic,formula_expand_cubic
5,formula_factor_cubic,decimal_to_rational
6,formula_factor_cubic,rational_to_decimal
7,radical_simplify,formula_factor_cubic
8,radical_simplify,formula_expand_cubic
9,radical_simplify,decimal_to_rational
10,radical_operations,radical_simplify
11,radical_operations,formula_factor_cubic
12,radical_operations,formula_expand_cubic
13,radical_rationalize_mono,radical_operations
14,radical_rationalize_mono,radical_simplify
15,radical_rationalize_mono,formula_factor_cubic
16,radical_rationalize_bi,radical_rationalize_mono
17,radical_rationalize_bi,radical_operations
18,radical_rationalize_bi,radical_simplify
19,double_radical_simplify,radical_rationalize_bi
20,double_radical_simplify,radical_rationalize_mono
21,double_radical_simplify,radical_operations
22,am_gm_basic,double_radical_simplify
23,am_gm_basic,radical_rationalize_bi
24,am_gm_basic,radical_rationalize_mono
25,number_line_section_formula,am_gm_basic
26,abs_eq_linear,number_line_section_formula
27,abs_ineq_less,abs_eq_linear
28,abs_ineq_less,number_line_section_formula
29,abs_ineq_greater,abs_ineq_less
30,abs_ineq_greater,abs_eq_linear
31,abs_ineq_greater,number_line_section_formula
32,abs_eq_two_vars,abs_ineq_greater
33,abs_eq_two_vars,abs_ineq_less
34,abs_eq_two_vars,abs_eq_linear
35,abs_ineq_two_vars,abs_eq_two_vars
36,abs_ineq_two_vars,abs_ineq_greater
37,abs_ineq_two_vars,abs_ineq_less
38,exponent_law_integer,abs_ineq_two_vars
39,exponent_zero_negative,exponent_law_integer
40,exponent_radical_conversion,exponent_zero_negative
41,exponent_radical_conversion,exponent_law_integer
42,exponent_law_rational,exponent_radical_conversion
43,exponent_law_rational,exponent_zero_negative
44,exponent_law_rational,exponent_law_integer
45,scientific_notation_ops,exponent_law_rational
46,log_to_exponent,scientific_notation_ops
47,common_log_definition,log_to_exponent
48,common_log_definition,scientific_notation_ops
49,log_find_digits,common_log_definition
50,log_find_digits,log_to_exponent
51,log_find_digits,scientific_notation_ops
52,log_find_leading_digit,log_find_digits
53,log_find_leading_digit,common_log_definition
54,log_find_leading_digit,log_to_exponent
55,line_slope,log_find_leading_digit
56,line_eq_point_slope,line_slope
57,line_eq_slope_intercept,line_eq_point_slope
58,line_eq_slope_intercept,line_slope
59,line_eq_general_form,line_eq_slope_intercept
60,line_eq_general_form,line_eq_point_slope
61,line_eq_general_form,line_slope
62,line_parallel_condition,line_eq_general_form
63,line_parallel_condition,line_eq_slope_intercept
64,line_parallel_condition,line_eq_point_slope
65,line_perpendicular_condition,line_parallel_condition
66,line_perpendicular_condition,line_eq_general_form
67,line_perpendicular_condition,line_eq_slope_intercept
68,point_to_line_distance,line_perpendicular_condition
69,point_to_line_distance,line_parallel_condition
70,point_to_line_distance,line_eq_general_form
71,parallel_lines_distance,point_to_line_distance
72,parallel_lines_distance,line_perpendicular_condition
73,parallel_lines_distance,line_parallel_condition
74,linear_inequality_region,parallel_lines_distance
75,linear_inequality_region,point_to_line_distance
76,linear_inequality_region,line_perpendicular_condition
77,linear_ineq_system_region,linear_inequality_region
78,linear_ineq_system_region,parallel_lines_distance
79,linear_ineq_system_region,point_to_line_distance
80,circle_eq_standard,linear_ineq_system_region
81,circle_eq_from_center_radius,circle_eq_standard
82,circle_eq_from_diameter,circle_eq_from_center_radius
83,circle_eq_from_diameter,circle_eq_standard
84,circle_eq_general_to_standard,circle_eq_from_diameter
85,circle_eq_general_to_standard,circle_eq_from_center_radius
86,circle_eq_general_to_standard,circle_eq_standard
87,circle_eq_general_discriminate,circle_eq_general_to_standard
88,circle_eq_general_discriminate,circle_eq_from_diameter
89,circle_eq_general_discriminate,circle_eq_from_center_radius
90,circle_point_relation,circle_eq_general_discriminate
91,circle_point_relation,circle_eq_general_to_standard
92,circle_point_relation,circle_eq_from_diameter
93,circle_line_relation_geometric,circle_point_relation
94,circle_line_relation_algebraic,circle_line_relation_geometric
95,circle_line_intersection,circle_line_relation_algebraic
96,circle_line_intersection,circle_line_relation_geometric
97,circle_tangent_on_circle,circle_line_intersection
98,circle_tangent_on_circle,circle_line_relation_algebraic
99,circle_tangent_on_circle,circle_line_relation_geometric
100,circle_tangent_given_slope,circle_tangent_on_circle
101,circle_tangent_given_slope,circle_line_intersection
102,circle_tangent_given_slope,circle_line_relation_algebraic
103,circle_tangent_outside_point,circle_tangent_given_slope
104,circle_tangent_outside_point,circle_tangent_on_circle
105,circle_tangent_outside_point,circle_line_intersection
106,poly_ops_add_sub,circle_tangent_outside_point
107,poly_ops_multiply,poly_ops_add_sub
108,poly_long_division,poly_ops_multiply
109,poly_long_division,poly_ops_add_sub
110,poly_division_theorem_basic,poly_long_division
111,poly_division_theorem_basic,poly_ops_multiply
112,poly_division_theorem_basic,poly_ops_add_sub
113,poly_synthetic_division,poly_division_theorem_basic
114,poly_synthetic_division,poly_long_division
115,poly_synthetic_division,poly_ops_multiply
116,poly_synthetic_division_ax_b,poly_synthetic_division
117,poly_synthetic_division_ax_b,poly_division_theorem_basic
118,poly_synthetic_division_ax_b,poly_long_division
119,remainder_theorem_linear,poly_synthetic_division_ax_b
120,remainder_theorem_linear,poly_synthetic_division
121,remainder_theorem_linear,poly_division_theorem_basic
122,factor_theorem,remainder_theorem_linear
123,factor_theorem,poly_synthetic_division_ax_b
124,factor_theorem,poly_synthetic_division
125,remainder_theorem_quadratic,factor_theorem
126,remainder_theorem_quadratic,remainder_theorem_linear
127,remainder_theorem_quadratic,poly_synthetic_division_ax_b
128,poly_synthetic_division_powers,remainder_theorem_quadratic
129,poly_synthetic_division_powers,factor_theorem
130,poly_synthetic_division_powers,remainder_theorem_linear
131,function_definition,poly_synthetic_division_powers
132,linear_func_graph,function_definition
133,quadratic_func_complete_square,linear_func_graph
134,quadratic_func_complete_square,function_definition
135,quadratic_func_graph,quadratic_func_complete_square
136,quadratic_func_graph,linear_func_graph
137,quadratic_func_graph,function_definition
138,quadratic_func_max_min_basic,quadratic_func_graph
139,quadratic_func_max_min_basic,quadratic_func_complete_square
140,quadratic_func_max_min_basic,linear_func_graph
141,quadratic_func_max_min_domain,quadratic_func_max_min_basic
142,quadratic_func_max_min_domain,quadratic_func_graph
143,quadratic_func_max_min_domain,quadratic_func_complete_square
144,quadratic_func_discriminant,quadratic_func_max_min_domain
145,quadratic_func_discriminant,quadratic_func_max_min_basic
146,quadratic_func_discriminant,quadratic_func_graph
147,cubic_func_graph_ax3,quadratic_func_discriminant
148,cubic_func_graph_ax3,quadratic_func_max_min_domain
149,cubic_func_graph_ax3,quadratic_func_max_min_basic
150,cubic_func_graph_ax3_px,cubic_func_graph_ax3
151,cubic_func_graph_ax3_px,quadratic_func_discriminant
152,cubic_func_graph_ax3_px,quadratic_func_max_min_domain
153,cubic_func_complete_cube,cubic_func_graph_ax3_px
154,cubic_func_complete_cube,cubic_func_graph_ax3
155,cubic_func_complete_cube,quadratic_func_discriminant
156,cubic_func_graph_general,cubic_func_complete_cube
157,cubic_func_graph_general,cubic_func_graph_ax3_px
158,cubic_func_graph_general,cubic_func_graph_ax3
159,cubic_func_global_feature,cubic_func_graph_general
160,cubic_func_global_feature,cubic_func_complete_cube
161,cubic_func_global_feature,cubic_func_graph_ax3_px
162,cubic_func_local_feature,cubic_func_global_feature
163,cubic_func_local_feature,cubic_func_graph_general
164,cubic_func_local_feature,cubic_func_complete_cube
165,quadratic_inequality_solve,cubic_func_local_feature
166,poly_ineq_graph_multiplicity,quadratic_inequality_solve
167,poly_ineq_solve_factored,poly_ineq_graph_multiplicity
168,poly_ineq_solve_factored,quadratic_inequality_solve
169,poly_ineq_solve_general,poly_ineq_solve_factored
170,poly_ineq_solve_general,poly_ineq_graph_multiplicity
171,poly_ineq_solve_general,quadratic_inequality_solve
172,arithmetic_seq_term,poly_ineq_solve_general
173,arithmetic_seq_mean,arithmetic_seq_term
174,geometric_seq_term,arithmetic_seq_mean
175,geometric_seq_term,arithmetic_seq_term
176,geometric_seq_mean,geometric_seq_term
177,geometric_seq_mean,arithmetic_seq_mean
178,geometric_seq_mean,arithmetic_seq_term
179,recursive_relation_read,geometric_seq_mean
180,recursive_relation_read,geometric_seq_term
181,recursive_relation_read,arithmetic_seq_mean
182,recursive_relation_linear,recursive_relation_read
183,recursive_relation_linear,geometric_seq_mean
184,recursive_relation_linear,geometric_seq_term
185,math_induction_proof,recursive_relation_linear
186,math_induction_proof,recursive_relation_read
187,math_induction_proof,geometric_seq_mean
188,arithmetic_series_sum,math_induction_proof
189,arithmetic_series_sum,recursive_relation_linear
190,arithmetic_series_sum,recursive_relation_read
191,geometric_series_sum,arithmetic_series_sum
192,geometric_series_sum,math_induction_proof
193,geometric_series_sum,recursive_relation_linear
194,sigma_notation,geometric_series_sum
195,sigma_notation,arithmetic_series_sum
196,sigma_notation,math_induction_proof
197,sigma_properties,sigma_notation
198,sigma_properties,geometric_series_sum
199,sigma_properties,arithmetic_series_sum
200,sum_n_poly,sigma_properties
201,sum_n_poly,sigma_notation
202,sum_n_poly,geometric_series_sum
203,set_operations,sum_n_poly
204,de_morgan_law,set_operations
205,counting_addition_principle,de_morgan_law
206,counting_addition_principle,set_operations
207,counting_multiplication_principle,counting_addition_principle
208,counting_multiplication_principle,de_morgan_law
209,counting_multiplication_principle,set_operations
210,counting_inclusion_exclusion_2,counting_multiplication_principle
211,counting_inclusion_exclusion_2,counting_addition_principle
212,counting_inclusion_exclusion_2,de_morgan_law
213,counting_inclusion_exclusion_3,counting_inclusion_exclusion_2
214,counting_inclusion_exclusion_3,counting_multiplication_principle
215,counting_inclusion_exclusion_3,counting_addition_principle
216,factorial_calc,counting_inclusion_exclusion_3
217,permutation_linear,factorial_calc
218,permutation_adjacent,permutation_linear
219,permutation_adjacent,factorial_calc
220,permutation_not_adjacent,permutation_adjacent
221,permutation_not_adjacent,permutation_linear
222,permutation_not_adjacent,factorial_calc
223,permutation_identical_items,permutation_not_adjacent
224,permutation_identical_items,permutation_adjacent
225,permutation_identical_items,permutation_linear
226,permutation_repetition,permutation_identical_items
227,permutation_repetition,permutation_not_adjacent
228,permutation_repetition,permutation_adjacent
229,combination_calc,permutation_repetition
230,combination_calc,permutation_identical_items
231,combination_calc,permutation_not_adjacent
232,combination_properties,combination_calc
233,combination_properties,permutation_repetition
234,combination_properties,permutation_identical_items
235,pascal_identity,combination_properties
236,pascal_identity,combination_calc
237,pascal_identity,permutation_repetition
238,combination_grouping,pascal_identity
239,combination_grouping,combination_properties
240,combination_grouping,combination_calc
241,combination_repetition_h,combination_grouping
242,combination_repetition_h,pascal_identity
243,combination_repetition_h,combination_properties
244,binomial_theorem_expand,combination_repetition_h
245,binomial_theorem_expand,combination_grouping
246,binomial_theorem_expand,pascal_identity
247,binomial_theorem_term,binomial_theorem_expand
248,binomial_theorem_term,combination_repetition_h
249,binomial_theorem_term,combination_grouping
250,prob_sample_space,binomial_theorem_term
251,prob_classical_definition,prob_sample_space
252,prob_complementary,prob_classical_definition
253,prob_complementary,prob_sample_space
254,prob_mutually_exclusive,prob_complementary
255,prob_mutually_exclusive,prob_classical_definition
256,prob_mutually_exclusive,prob_sample_space
257,prob_addition_rule,prob_mutually_exclusive
258,prob_addition_rule,prob_complementary
259,prob_addition_rule,prob_classical_definition
260,prob_expected_value,prob_addition_rule
261,prob_ev_application,prob_expected_value
262,data_mean_median_percentile,prob_ev_application
263,data_weighted_geometric_mean,data_mean_median_percentile
264,data_range_variance_stddev,data_weighted_geometric_mean
265,data_range_variance_stddev,data_mean_median_percentile
266,data_linear_transform,data_range_variance_stddev
267,data_linear_transform,data_weighted_geometric_mean
268,data_linear_transform,data_mean_median_percentile
269,data_standardization_zscore,data_linear_transform
270,data_standardization_zscore,data_range_variance_stddev
271,data_standardization_zscore,data_weighted_geometric_mean
272,data_scatter_plot,data_standardization_zscore
273,data_correlation_coefficient_r,data_scatter_plot
274,data_r_properties,data_correlation_coefficient_r
275,data_r_properties,data_scatter_plot
276,data_regression_line,data_r_properties
277,data_regression_line,data_correlation_coefficient_r
278,data_regression_line,data_scatter_plot
279,data_regression_predict,data_regression_line
280,data_regression_predict,data_r_properties
281,data_regression_predict,data_correlation_coefficient_r
282,trig_acute_definition,data_regression_predict
283,trig_special_angles,trig_acute_definition
284,trig_quotient_relation,trig_special_angles
285,trig_quotient_relation,trig_acute_definition
286,trig_pythagorean_relation,trig_quotient_relation
287,trig_pythagorean_relation,trig_special_angles
288,trig_pythagorean_relation,trig_acute_definition
289,trig_complementary_relation,trig_pythagorean_relation
290,trig_complementary_relation,trig_quotient_relation
291,trig_complementary_relation,trig_special_angles
292,trig_generalized_angle,trig_complementary_relation
293,trig_generalized_angle,trig_pythagorean_relation
294,trig_generalized_angle,trig_quotient_relation
295,trig_generalized_definition,trig_generalized_angle
296,trig_generalized_definition,trig_complementary_relation
297,trig_generalized_definition,trig_pythagorean_relation
298,trig_signs_astc,trig_generalized_definition
299,trig_signs_astc,trig_generalized_angle
300,trig_signs_astc,trig_complementary_relation
301,trig_conversion_formulas,trig_signs_astc
302,trig_conversion_formulas,trig_generalized_definition
303,trig_conversion_formulas,trig_generalized_angle
304,trig_polar_coordinates,trig_conversion_formulas
305,trig_polar_coordinates,trig_signs_astc
306,trig_polar_coordinates,trig_generalized_definition
307,trig_area_formula,trig_polar_coordinates
308,trig_area_formula,trig_conversion_formulas
309,trig_area_formula,trig_signs_astc
310,trig_law_of_sines,trig_area_formula
311,trig_law_of_sines,trig_polar_coordinates
312,trig_law_of_sines,trig_conversion_formulas
313,trig_law_of_cosines,trig_law_of_sines
314,trig_law_of_cosines,trig_area_formula
315,trig_law_of_cosines,trig_polar_coordinates
316,trig_herons_formula,trig_law_of_cosines
317,trig_herons_formula,trig_law_of_sines
318,trig_herons_formula,trig_area_formula
319,trig_measurement,trig_herons_formula
320,trig_measurement,trig_law_of_cosines
321,trig_measurement,trig_law_of_sines
322,trig_degree_to_radian,trig_measurement
323,trig_arc_length,trig_degree_to_radian
324,trig_sector_area,trig_arc_length
325,trig_sector_area,trig_degree_to_radian
326,trig_graph_sin,trig_sector_area
327,trig_graph_sin,trig_arc_length
328,trig_graph_sin,trig_degree_to_radian
329,trig_graph_cos,trig_graph_sin
330,trig_graph_cos,trig_sector_area
331,trig_graph_cos,trig_arc_length
332,trig_graph_tan,trig_graph_cos
333,trig_graph_tan,trig_graph_sin
334,trig_graph_tan,trig_sector_area
335,trig_graph_properties,trig_graph_tan
336,trig_graph_properties,trig_graph_cos
337,trig_graph_properties,trig_graph_sin
338,trig_graph_transform,trig_graph_properties
339,trig_graph_transform,trig_graph_tan
340,trig_graph_transform,trig_graph_cos
341,trig_sum_diff_sin,trig_graph_transform
342,trig_sum_diff_sin,trig_graph_properties
343,trig_sum_diff_sin,trig_graph_tan
344,trig_sum_diff_cos,trig_sum_diff_sin
345,trig_sum_diff_cos,trig_graph_transform
346,trig_sum_diff_cos,trig_graph_properties
347,trig_sum_diff_tan,trig_sum_diff_cos
348,trig_sum_diff_tan,trig_sum_diff_sin
349,trig_sum_diff_tan,trig_graph_transform
350,trig_double_angle,trig_sum_diff_tan
351,trig_double_angle,trig_sum_diff_cos
352,trig_double_angle,trig_sum_diff_sin
353,trig_half_angle,trig_double_angle
354,trig_half_angle,trig_sum_diff_tan
355,trig_half_angle,trig_sum_diff_cos
356,trig_synthesis_r_sin,trig_half_angle
357,trig_synthesis_r_sin,trig_double_angle
358,trig_synthesis_r_sin,trig_sum_diff_tan
359,trig_synthesis_max_min,trig_synthesis_r_sin
360,trig_synthesis_max_min,trig_half_angle
361,trig_synthesis_max_min,trig_double_angle
362,exp_func_graph_a_gt_1,log_find_leading_digit
363,exp_func_graph_a_gt_1,log_find_digits
364,exp_func_graph_a_gt_1,common_log_definition
365,exp_func_graph_a_lt_1,exp_func_graph_a_gt_1
366,exp_func_graph_a_lt_1,log_find_leading_digit
367,exp_func_graph_a_lt_1,log_find_digits
368,exp_func_properties,exp_func_graph_a_lt_1
369,exp_func_properties,exp_func_graph_a_gt_1
370,exp_func_properties,log_find_leading_digit
371,exp_func_transform,exp_func_properties
372,exp_func_transform,exp_func_graph_a_lt_1
373,exp_func_transform,exp_func_graph_a_gt_1
374,exp_func_solve_eq,exp_func_transform
375,exp_func_solve_eq,exp_func_properties
376,exp_func_solve_eq,exp_func_graph_a_lt_1
377,exp_func_solve_ineq,exp_func_solve_eq
378,exp_func_solve_ineq,exp_func_transform
379,exp_func_solve_ineq,exp_func_properties
380,exp_func_compare,exp_func_solve_ineq
381,exp_func_compare,exp_func_solve_eq
382,exp_func_compare,exp_func_transform
383,log_properties_basic,exp_func_compare
384,log_properties_basic,exp_func_solve_ineq
385,log_properties_basic,exp_func_solve_eq
386,log_change_of_base,log_properties_basic
387,log_change_of_base,exp_func_compare
388,log_change_of_base,exp_func_solve_ineq
389,log_natural_definition,log_change_of_base
390,log_natural_definition,log_properties_basic
391,log_natural_definition,exp_func_compare
392,log_func_graph_a_gt_1,log_natural_definition
393,log_func_graph_a_gt_1,log_change_of_base
394,log_func_graph_a_gt_1,log_properties_basic
395,log_func_graph_a_lt_1,log_func_graph_a_gt_1
396,log_func_graph_a_lt_1,log_natural_definition
397,log_func_graph_a_lt_1,log_change_of_base
398,log_func_properties,log_func_graph_a_lt_1
399,log_func_properties,log_func_graph_a_gt_1
400,log_func_properties,log_natural_definition
401,exp_log_inverse_relation,log_func_properties
402,exp_log_inverse_relation,log_func_graph_a_lt_1
403,exp_log_inverse_relation,log_func_graph_a_gt_1
404,log_func_transform,exp_log_inverse_relation
405,log_func_transform,log_func_properties
406,log_func_transform,log_func_graph_a_lt_1
407,log_func_solve_eq,log_func_transform
408,log_func_solve_eq,exp_log_inverse_relation
409,log_func_solve_eq,log_func_properties
410,log_func_solve_ineq,log_func_solve_eq
411,log_func_solve_ineq,log_func_transform
412,log_func_solve_ineq,exp_log_inverse_relation
413,log_func_compare,log_func_solve_ineq
414,log_func_compare,log_func_solve_eq
415,log_func_compare,log_func_transform
416,vector_definition_coordinate,log_func_compare
417,vector_equality,vector_definition_coordinate
418,vector_ops_add_sub,vector_equality
419,vector_ops_add_sub,vector_definition_coordinate
420,vector_ops_scalar_multiply,vector_ops_add_sub
421,vector_ops_scalar_multiply,vector_equality
422,vector_ops_scalar_multiply,vector_definition_coordinate
423,vector_magnitude_calc,vector_ops_scalar_multiply
424,vector_magnitude_calc,vector_ops_add_sub
425,vector_magnitude_calc,vector_equality
426,vector_parallel_condition,vector_magnitude_calc
427,vector_parallel_condition,vector_ops_scalar_multiply
428,vector_parallel_condition,vector_ops_add_sub
429,vector_linear_combination,vector_parallel_condition
430,vector_linear_combination,vector_magnitude_calc
431,vector_linear_combination,vector_ops_scalar_multiply
432,vector_section_formula,vector_linear_combination
433,vector_section_formula,vector_parallel_condition
434,vector_section_formula,vector_magnitude_calc
435,vector_dot_product_geometric,vector_section_formula
436,vector_dot_product_geometric,vector_linear_combination
437,vector_dot_product_geometric,vector_parallel_condition
438,vector_dot_product_algebraic,vector_dot_product_geometric
439,vector_dot_product_algebraic,vector_section_formula
440,vector_dot_product_algebraic,vector_linear_combination
441,vector_dot_product_properties,vector_dot_product_algebraic
442,vector_dot_product_properties,vector_dot_product_geometric
443,vector_dot_product_properties,vector_section_formula
444,vector_angle_between,vector_dot_product_properties
445,vector_angle_between,vector_dot_product_algebraic
446,vector_angle_between,vector_dot_product_geometric
447,vector_orthogonality_check,vector_angle_between
448,vector_orthogonality_check,vector_dot_product_properties
449,vector_orthogonality_check,vector_dot_product_algebraic
450,vector_projection,vector_orthogonality_check
451,vector_projection,vector_angle_between
452,vector_projection,vector_dot_product_properties
453,cauchy_schwarz_inequality,vector_projection
454,cauchy_schwarz_inequality,vector_orthogonality_check
455,cauchy_schwarz_inequality,vector_angle_between
456,vector_triangle_inequality,cauchy_schwarz_inequality
457,vector_triangle_inequality,vector_projection
458,vector_triangle_inequality,vector_orthogonality_check
459,determinant_2x2_calc,vector_triangle_inequality
460,cramers_rule_2x2,determinant_2x2_calc
461,system_linear_2x2_geometry,cramers_rule_2x2
462,system_linear_2x2_geometry,determinant_2x2_calc
463,determinant_area_formula,system_linear_2x2_geometry
464,determinant_area_formula,cramers_rule_2x2
465,determinant_area_formula,determinant_2x2_calc
466,space_line_relations,determinant_area_formula
467,space_line_plane_relations,space_line_relations
468,space_plane_perpendicular_line,space_line_plane_relations
469,space_plane_perpendicular_line,space_line_relations
470,space_dihedral_angle,space_plane_perpendicular_line
471,space_dihedral_angle,space_line_plane_relations
472,space_dihedral_angle,space_line_relations
473,three_perpendiculars_theorem,space_dihedral_angle
474,three_perpendiculars_theorem,space_plane_perpendicular_line
475,three_perpendiculars_theorem,space_line_plane_relations
476,space_coordinates,three_perpendiculars_theorem
477,space_distance_midpoint,space_coordinates
478,space_vector_coordinates,space_distance_midpoint
479,space_vector_coordinates,space_coordinates
480,space_vector_ops,space_vector_coordinates
481,space_vector_ops,space_distance_midpoint
482,space_vector_ops,space_coordinates
483,space_vector_magnitude,space_vector_ops
484,space_vector_magnitude,space_vector_coordinates
485,space_vector_magnitude,space_distance_midpoint
486,space_vector_parallel,space_vector_magnitude
487,space_vector_parallel,space_vector_ops
488,space_vector_parallel,space_vector_coordinates
489,space_vector_linear_combo,space_vector_parallel
490,space_vector_linear_combo,space_vector_magnitude
491,space_vector_linear_combo,space_vector_ops
492,space_vector_section_formula,space_vector_linear_combo
493,space_vector_section_formula,space_vector_parallel
494,space_vector_section_formula,space_vector_magnitude
495,space_vector_dot_product,space_vector_section_formula
496,space_vector_dot_product,space_vector_linear_combo
497,space_vector_dot_product,space_vector_parallel
498,space_vector_angle,space_vector_dot_product
499,space_vector_angle,space_vector_section_formula
500,space_vector_angle,space_vector_linear_combo
501,space_vector_orthogonality,space_vector_angle
502,space_vector_orthogonality,space_vector_dot_product
503,space_vector_orthogonality,space_vector_section_formula
504,space_cauchy_schwarz,space_vector_orthogonality
505,space_cauchy_schwarz,space_vector_angle
506,space_cauchy_schwarz,space_vector_dot_product
507,space_vector_projection,space_cauchy_schwarz
508,space_vector_projection,space_vector_orthogonality
509,space_vector_projection,space_vector_angle
510,space_vector_cross_product_calc,space_vector_projection
511,space_vector_cross_product_calc,space_cauchy_schwarz
512,space_vector_cross_product_calc,space_vector_orthogonality
513,space_vector_cross_product_props,space_vector_cross_product_calc
514,space_vector_cross_product_props,space_vector_projection
515,space_vector_cross_product_props,space_cauchy_schwarz
516,determinant_3x3_calc,determinant_area_formula
517,determinant_3x3_calc,system_linear_2x2_geometry
518,determinant_3x3_calc,cramers_rule_2x2
519,determinant_3x3_properties,determinant_3x3_calc
520,determinant_3x3_properties,determinant_area_formula
521,determinant_3x3_properties,system_linear_2x2_geometry
522,determinant_volume_parallelepiped,determinant_3x3_properties
523,determinant_volume_parallelepiped,determinant_3x3_calc
524,determinant_volume_parallelepiped,determinant_area_formula
525,space_vector_coplanar_check,determinant_volume_parallelepiped
526,space_vector_coplanar_check,determinant_3x3_properties
527,space_vector_coplanar_check,determinant_3x3_calc
528,system_linear_3x3_cramers,space_vector_coplanar_check
529,system_linear_3x3_cramers,determinant_volume_parallelepiped
530,system_linear_3x3_cramers,determinant_3x3_properties
531,space_plane_eq_point_normal,three_perpendiculars_theorem
532,space_plane_eq_point_normal,space_dihedral_angle
533,space_plane_eq_point_normal,space_plane_perpendicular_line
534,space_plane_eq_general,space_plane_eq_point_normal
535,space_plane_eq_general,three_perpendiculars_theorem
536,space_plane_eq_general,space_dihedral_angle
537,space_plane_from_3_points,space_plane_eq_general
538,space_plane_from_3_points,space_plane_eq_point_normal
539,space_plane_from_3_points,three_perpendiculars_theorem
540,space_angle_between_planes,space_plane_from_3_points
541,space_angle_between_planes,space_plane_eq_general
542,space_angle_between_planes,space_plane_eq_point_normal
543,space_point_to_plane_distance,space_angle_between_planes
544,space_point_to_plane_distance,space_plane_from_3_points
545,space_point_to_plane_distance,space_plane_eq_general
546,space_parallel_planes_distance,space_point_to_plane_distance
547,space_parallel_planes_distance,space_angle_between_planes
548,space_parallel_planes_distance,space_plane_from_3_points
549,space_line_eq_parametric,space_parallel_planes_distance
550,space_line_eq_parametric,space_point_to_plane_distance
551,space_line_eq_parametric,space_angle_between_planes
552,space_line_eq_symmetric,space_line_eq_parametric
553,space_line_eq_symmetric,space_parallel_planes_distance
554,space_line_eq_symmetric,space_point_to_plane_distance
555,space_line_from_plane_intersection,space_line_eq_symmetric
556,space_line_from_plane_intersection,space_line_eq_parametric
557,space_line_from_plane_intersection,space_parallel_planes_distance
558,space_line_plane_intersection,space_line_from_plane_intersection
559,space_line_plane_intersection,space_line_eq_symmetric
560,space_line_plane_intersection,space_line_eq_parametric
561,space_line_line_relations,space_line_plane_intersection
562,space_line_line_relations,space_line_from_plane_intersection
563,space_line_line_relations,space_line_eq_symmetric
564,space_point_to_line_distance,space_line_line_relations
565,space_point_to_line_distance,space_line_plane_intersection
566,space_point_to_line_distance,space_line_from_plane_intersection
567,space_skew_lines_distance,space_point_to_line_distance
568,space_skew_lines_distance,space_line_line_relations
569,space_skew_lines_distance,space_line_plane_intersection
570,prob_conditional,space_skew_lines_distance
571,prob_multiplication_rule,prob_conditional
572,prob_independent_events,prob_multiplication_rule
573,prob_independent_events,prob_conditional
574,prob_bayes_theorem,prob_independent_events
575,prob_bayes_theorem,prob_multiplication_rule
576,prob_bayes_theorem,prob_conditional
577,system_linear_3x3_gaussian,prob_bayes_theorem
578,system_linear_3x3_augmented_matrix,system_linear_3x3_gaussian
579,system_linear_3x3_geometry,system_linear_3x3_augmented_matrix
580,system_linear_3x3_geometry,system_linear_3x3_gaussian
581,matrix_ops_add_sub,system_linear_3x3_geometry
582,matrix_ops_add_sub,system_linear_3x3_augmented_matrix
583,matrix_ops_add_sub,system_linear_3x3_gaussian
584,matrix_ops_scalar_multiply,matrix_ops_add_sub
585,matrix_ops_scalar_multiply,system_linear_3x3_geometry
586,matrix_ops_scalar_multiply,system_linear_3x3_augmented_matrix
587,matrix_ops_multiply,matrix_ops_scalar_multiply
588,matrix_ops_multiply,matrix_ops_add_sub
589,matrix_ops_multiply,system_linear_3x3_geometry
590,matrix_properties,matrix_ops_multiply
591,matrix_properties,matrix_ops_scalar_multiply
592,matrix_properties,matrix_ops_add_sub
593,matrix_inverse_2x2_calc,matrix_properties
594,matrix_inverse_2x2_calc,matrix_ops_multiply
595,matrix_inverse_2x2_calc,matrix_ops_scalar_multiply
596,matrix_inverse_condition,matrix_inverse_2x2_calc
597,matrix_inverse_condition,matrix_properties
598,matrix_inverse_condition,matrix_ops_multiply
599,matrix_linear_transform_def,matrix_inverse_condition
600,matrix_linear_transform_def,matrix_inverse_2x2_calc
601,matrix_linear_transform_def,matrix_properties
602,matrix_transform_scale,matrix_linear_transform_def
603,matrix_transform_scale,matrix_inverse_condition
604,matrix_transform_scale,matrix_inverse_2x2_calc
605,matrix_transform_rotate,matrix_transform_scale
606,matrix_transform_rotate,matrix_linear_transform_def
607,matrix_transform_rotate,matrix_inverse_condition
608,matrix_transform_reflect,matrix_transform_rotate
609,matrix_transform_reflect,matrix_transform_scale
610,matrix_transform_reflect,matrix_linear_transform_def
611,matrix_transform_shear,matrix_transform_reflect
612,matrix_transform_shear,matrix_transform_rotate
613,matrix_transform_shear,matrix_transform_scale
614,matrix_transform_area_ratio,matrix_transform_shear
615,matrix_transform_area_ratio,matrix_transform_reflect
616,matrix_transform_area_ratio,matrix_transform_rotate
617,matrix_transition,matrix_transform_area_ratio
618,matrix_transition,matrix_transform_shear
619,matrix_transition,matrix_transform_reflect
620,matrix_markov_chain,matrix_transition
621,matrix_markov_chain,matrix_transform_area_ratio
622,matrix_markov_chain,matrix_transform_shear
623,prism_surface_distance,space_skew_lines_distance
624,prism_surface_distance,space_point_to_line_distance
625,prism_surface_distance,space_line_line_relations
626,latitude_longitude_def,prism_surface_distance
627,latitude_longitude_def,space_skew_lines_distance
628,latitude_longitude_def,space_point_to_line_distance
629,spherical_distance_calc,latitude_longitude_def
630,spherical_distance_calc,prism_surface_distance
631,spherical_distance_calc,space_skew_lines_distance
632,parallel_line_proportion,spherical_distance_calc
633,parallel_line_proportion,latitude_longitude_def
634,parallel_line_proportion,prism_surface_distance
635,perspective_drawing_calc,parallel_line_proportion
636,perspective_drawing_calc,spherical_distance_calc
637,perspective_drawing_calc,latitude_longitude_def
638,golden_ratio_fibonacci,perspective_drawing_calc
639,golden_ratio_fibonacci,parallel_line_proportion
640,golden_ratio_fibonacci,spherical_distance_calc
641,contingency_table_prob,prob_bayes_theorem
642,contingency_table_prob,prob_independent_events
643,contingency_table_prob,prob_multiplication_rule
644,matrix_solve_ax_b,matrix_markov_chain
645,matrix_solve_ax_b,matrix_transition
646,matrix_solve_ax_b,matrix_transform_area_ratio
647,matrix_solve_system,matrix_solve_ax_b
648,matrix_solve_system,matrix_markov_chain
649,matrix_solve_system,matrix_transition
650,conic_section_definition,matrix_solve_system
651,seq_limit_converge,conic_section_definition
652,seq_limit_calc,seq_limit_converge
653,seq_limit_squeeze,seq_limit_calc
654,seq_limit_squeeze,seq_limit_converge
655,infinite_geometric_series_sum,seq_limit_squeeze
656,infinite_geometric_series_sum,seq_limit_calc
657,infinite_geometric_series_sum,seq_limit_converge
658,function_ops,infinite_geometric_series_sum
659,function_composition,function_ops
660,function_limit_intuitive,infinite_geometric_series_sum
661,function_limit_intuitive,seq_limit_squeeze
662,function_limit_intuitive,seq_limit_calc
663,function_limit_calc,function_limit_intuitive
664,function_limit_calc,infinite_geometric_series_sum
665,function_limit_calc,seq_limit_squeeze
666,function_limit_onesided,function_limit_calc
667,function_limit_onesided,function_limit_intuitive
668,function_limit_onesided,infinite_geometric_series_sum
669,function_limit_squeeze,function_limit_onesided
670,function_limit_squeeze,function_limit_calc
671,function_limit_squeeze,function_limit_intuitive
672,function_continuity,function_limit_squeeze
673,function_continuity,function_limit_onesided
674,function_continuity,function_limit_calc
675,intermediate_value_theorem,function_continuity
676,intermediate_value_theorem,function_limit_squeeze
677,intermediate_value_theorem,function_limit_onesided
678,derivative_definition_limit,intermediate_value_theorem
679,tangent_line_slope,derivative_definition_limit
680,differentiability,tangent_line_slope
681,differentiability,derivative_definition_limit
682,derivative_formulas_poly,differentiability
683,derivative_formulas_poly,tangent_line_slope
684,derivative_formulas_poly,derivative_definition_limit
685,derivative_product_rule,derivative_formulas_poly
686,derivative_product_rule,differentiability
687,derivative_product_rule,tangent_line_slope
688,derivative_quotient_rule,derivative_product_rule
689,derivative_quotient_rule,derivative_formulas_poly
690,derivative_quotient_rule,differentiability
691,derivative_chain_rule,derivative_quotient_rule
692,derivative_chain_rule,derivative_product_rule
693,derivative_chain_rule,derivative_formulas_poly
694,linear_approximation,derivative_chain_rule
695,linear_approximation,derivative_quotient_rule
696,linear_approximation,derivative_product_rule
697,kinematics_velocity_acceleration,linear_approximation
698,kinematics_velocity_acceleration,derivative_chain_rule
699,kinematics_velocity_acceleration,derivative_quotient_rule
700,function_increase_decrease_test,kinematics_velocity_acceleration
701,extrema_first_derivative_test,function_increase_decrease_test
702,function_concavity_test,extrema_first_derivative_test
703,function_concavity_test,function_increase_decrease_test
704,function_inflection_point,function_concavity_test
705,function_inflection_point,extrema_first_derivative_test
706,function_inflection_point,function_increase_decrease_test
707,extrema_second_derivative_test,function_inflection_point
708,extrema_second_derivative_test,function_concavity_test
709,extrema_second_derivative_test,extrema_first_derivative_test
710,optimization_problems,extrema_second_derivative_test
711,optimization_problems,function_inflection_point
712,optimization_problems,function_concavity_test
713,area_upper_lower_sum,optimization_problems
714,definite_integral_definition,area_upper_lower_sum
715,antiderivative_calc_poly,definite_integral_definition
716,antiderivative_calc_poly,area_upper_lower_sum
717,ftc_main,antiderivative_calc_poly
718,ftc_main,definite_integral_definition
719,ftc_main,area_upper_lower_sum
720,ftc_evaluation_theorem,ftc_main
721,ftc_evaluation_theorem,antiderivative_calc_poly
722,ftc_evaluation_theorem,definite_integral_definition
723,integral_properties,ftc_evaluation_theorem
724,integral_properties,ftc_main
725,integral_properties,antiderivative_calc_poly
726,area_between_curves,integral_properties
727,volume_by_slicing,area_between_curves
728,volume_of_revolution_disk,volume_by_slicing
729,volume_of_revolution_disk,area_between_curves
730,volume_of_revolution_washer,volume_of_revolution_disk
731,volume_of_revolution_washer,volume_by_slicing
732,volume_of_revolution_washer,area_between_curves
733,rv_discrete_distribution,volume_of_revolution_washer
734,rv_expected_value,rv_discrete_distribution
735,rv_variance_stddev,rv_expected_value
736,rv_variance_stddev,rv_discrete_distribution
737,rv_linear_transform_ev,rv_variance_stddev
738,rv_linear_transform_ev,rv_expected_value
739,rv_linear_transform_ev,rv_discrete_distribution
740,rv_linear_transform_var,rv_linear_transform_ev
741,rv_linear_transform_var,rv_variance_stddev
742,rv_linear_transform_var,rv_expected_value
743,rv_bernoulli_trial,rv_linear_transform_var
744,rv_bernoulli_trial,rv_linear_transform_ev
745,rv_bernoulli_trial,rv_variance_stddev
746,rv_binomial_distribution,rv_bernoulli_trial
747,rv_binomial_distribution,rv_linear_transform_var
748,rv_binomial_distribution,rv_linear_transform_ev
749,rv_binomial_ev_var,rv_binomial_distribution
750,rv_binomial_ev_var,rv_bernoulli_trial
751,rv_binomial_ev_var,rv_linear_transform_var
752,rv_geometric_distribution,rv_binomial_ev_var
753,rv_geometric_distribution,rv_binomial_distribution
754,rv_geometric_distribution,rv_bernoulli_trial
755,rv_geometric_ev,rv_geometric_distribution
756,rv_geometric_ev,rv_binomial_ev_var
757,rv_geometric_ev,rv_binomial_distribution
758,complex_definition_ops,rv_geometric_ev
759,complex_conjugate_absolute,complex_definition_ops
760,quadratic_eq_complex_roots,complex_conjugate_absolute
761,quadratic_eq_complex_roots,complex_definition_ops
762,quadratic_eq_root_coeff,quadratic_eq_complex_roots
763,quadratic_eq_root_coeff,complex_conjugate_absolute
764,quadratic_eq_root_coeff,complex_definition_ops
765,poly_algebraic_fundamental_theorem,quadratic_eq_root_coeff
766,poly_algebraic_fundamental_theorem,quadratic_eq_complex_roots
767,poly_algebraic_fundamental_theorem,complex_conjugate_absolute
768,poly_conjugate_root_theorem,poly_algebraic_fundamental_theorem
769,poly_conjugate_root_theorem,quadratic_eq_root_coeff
770,poly_conjugate_root_theorem,quadratic_eq_complex_roots
771,complex_plane_geometry,poly_conjugate_root_theorem
772,complex_plane_geometry,poly_algebraic_fundamental_theorem
773,complex_plane_geometry,quadratic_eq_root_coeff
774,complex_polar_form_convert,complex_plane_geometry
775,complex_polar_form_convert,poly_conjugate_root_theorem
776,complex_polar_form_convert,poly_algebraic_fundamental_theorem
777,complex_polar_form_multiply_divide,complex_polar_form_convert
778,complex_polar_form_multiply_divide,complex_plane_geometry
779,complex_polar_form_multiply_divide,poly_conjugate_root_theorem
780,complex_de_moivres_theorem,complex_polar_form_multiply_divide
781,complex_de_moivres_theorem,complex_polar_form_convert
782,complex_de_moivres_theorem,complex_plane_geometry
783,complex_nth_roots,complex_de_moivres_theorem
784,complex_nth_roots,complex_polar_form_multiply_divide
785,complex_nth_roots,complex_polar_form_convert
786,conic_parabola_definition,conic_section_definition
787,conic_parabola_standard_eq_vertex,conic_parabola_definition
788,conic_parabola_standard_eq_vertex,conic_section_definition
789,conic_parabola_translation,conic_parabola_standard_eq_vertex
790,conic_parabola_translation,conic_parabola_definition
791,conic_parabola_translation,conic_section_definition
792,conic_parabola_tangent,conic_parabola_translation
793,conic_parabola_tangent,conic_parabola_standard_eq_vertex
794,conic_parabola_tangent,conic_parabola_definition
795,conic_ellipse_definition,conic_parabola_tangent
796,conic_ellipse_definition,conic_parabola_translation
797,conic_ellipse_definition,conic_parabola_standard_eq_vertex
798,conic_ellipse_standard_eq_center,conic_ellipse_definition
799,conic_ellipse_standard_eq_center,conic_parabola_tangent
800,conic_ellipse_standard_eq_center,conic_parabola_translation
801,conic_ellipse_abc_relation,conic_ellipse_standard_eq_center
802,conic_ellipse_abc_relation,conic_ellipse_definition
803,conic_ellipse_abc_relation,conic_parabola_tangent
804,conic_ellipse_translation,conic_ellipse_abc_relation
805,conic_ellipse_translation,conic_ellipse_standard_eq_center
806,conic_ellipse_translation,conic_ellipse_definition
807,conic_ellipse_parametric,conic_ellipse_translation
808,conic_ellipse_parametric,conic_ellipse_abc_relation
809,conic_ellipse_parametric,conic_ellipse_standard_eq_center
810,conic_hyperbola_definition,conic_ellipse_parametric
811,conic_hyperbola_definition,conic_ellipse_translation
812,conic_hyperbola_definition,conic_ellipse_abc_relation
813,conic_hyperbola_standard_eq_center,conic_hyperbola_definition
814,conic_hyperbola_standard_eq_center,conic_ellipse_parametric
815,conic_hyperbola_standard_eq_center,conic_ellipse_translation
816,conic_hyperbola_abc_relation,conic_hyperbola_standard_eq_center
817,conic_hyperbola_abc_relation,conic_hyperbola_definition
818,conic_hyperbola_abc_relation,conic_ellipse_parametric
819,conic_hyperbola_asymptotes,conic_hyperbola_abc_relation
820,conic_hyperbola_asymptotes,conic_hyperbola_standard_eq_center
821,conic_hyperbola_asymptotes,conic_hyperbola_definition
822,conic_hyperbola_translation,conic_hyperbola_asymptotes
823,conic_hyperbola_translation,conic_hyperbola_abc_relation
824,conic_hyperbola_translation,conic_hyperbola_standard_eq_center
825,conic_hyperbola_tangent,conic_hyperbola_translation
826,conic_hyperbola_tangent,conic_hyperbola_asymptotes
827,conic_hyperbola_tangent,conic_hyperbola_abc_relation
828,derivative_marginal_concept,kinematics_velocity_acceleration
829,derivative_marginal_concept,linear_approximation
830,derivative_marginal_concept,derivative_chain_rule
831,integral_total_change,integral_properties
832,integral_total_change,ftc_evaluation_theorem
833,integral_total_change,ftc_main
834,integral_average_value,volume_of_revolution_washer
835,integral_average_value,volume_of_revolution_disk
836,integral_average_value,volume_by_slicing
837,integral_consumer_surplus,integral_average_value
838,integral_consumer_surplus,volume_of_revolution_washer
839,integral_consumer_surplus,volume_of_revolution_disk
840,integral_producer_surplus,integral_consumer_surplus
841,integral_producer_surplus,integral_average_value
842,integral_producer_surplus,volume_of_revolution_washer
843,linear_programming_optimize,integral_producer_surplus
844,number_line_midpoint,linear_programming_optimize
845,abs_eq_simple,number_line_midpoint
846,abs_ineq_less_simple,abs_eq_simple
847,abs_ineq_less_simple,number_line_midpoint
848,abs_ineq_greater_simple,abs_ineq_less_simple
849,abs_ineq_greater_simple,abs_eq_simple
850,abs_ineq_greater_simple,number_line_midpoint
851,plane_distance_formula,abs_ineq_greater_simple
852,plane_distance_formula,abs_ineq_less_simple
853,plane_distance_formula,abs_eq_simple
854,plane_midpoint_formula,plane_distance_formula
855,plane_midpoint_formula,abs_ineq_greater_simple
856,plane_midpoint_formula,abs_ineq_less_simple
857,plane_section_formula,plane_midpoint_formula
858,plane_section_formula,plane_distance_formula
859,plane_section_formula,abs_ineq_greater_simple
860,function_vertical_line_test,plane_section_formula
861,function_vertical_line_test,plane_midpoint_formula
862,function_vertical_line_test,plane_distance_formula
863,quadratic_ineq_solve_d_gt_0,function_vertical_line_test
864,quadratic_ineq_solve_d_gt_0,plane_section_formula
865,quadratic_ineq_solve_d_gt_0,plane_midpoint_formula
866,quadratic_ineq_solve_d_eq_0,quadratic_ineq_solve_d_gt_0
867,quadratic_ineq_solve_d_eq_0,function_vertical_line_test
868,quadratic_ineq_solve_d_eq_0,plane_section_formula
869,quadratic_ineq_solve_d_lt_0,quadratic_ineq_solve_d_eq_0
870,quadratic_ineq_solve_d_lt_0,quadratic_ineq_solve_d_gt_0
871,quadratic_ineq_solve_d_lt_0,function_vertical_line_test
872,line_eq_two_point,linear_ineq_system_region
873,line_eq_two_point,linear_inequality_region
874,line_eq_two_point,parallel_lines_distance
875,line_eq_intercept,line_eq_two_point
876,line_eq_intercept,linear_ineq_system_region
877,line_eq_intercept,linear_inequality_region
878,remainder_theorem_x_a,poly_synthetic_division_powers
879,remainder_theorem_x_a,remainder_theorem_quadratic
880,remainder_theorem_x_a,factor_theorem
881,rational_expr_simplify,remainder_theorem_x_a
882,rational_expr_simplify,poly_synthetic_division_powers
883,rational_expr_simplify,remainder_theorem_quadratic
884,rational_expr_ops,rational_expr_simplify
885,rational_expr_ops,remainder_theorem_x_a
886,rational_expr_ops,poly_synthetic_division_powers
887,trig_standard_angle_def,trig_synthesis_max_min
888,trig_standard_angle_def,trig_synthesis_r_sin
889,trig_standard_angle_def,trig_half_angle
890,trig_coterminal_angle_find,trig_standard_angle_def
891,trig_coterminal_angle_find,trig_synthesis_max_min
892,trig_coterminal_angle_find,trig_synthesis_r_sin
893,trig_graph_transform_amplitude,trig_coterminal_angle_find
894,trig_graph_transform_amplitude,trig_standard_angle_def
895,trig_graph_transform_amplitude,trig_synthesis_max_min
896,trig_graph_transform_period,trig_graph_transform_amplitude
897,trig_graph_transform_period,trig_coterminal_angle_find
898,trig_graph_transform_period,trig_standard_angle_def
899,trig_graph_transform_horizontal_shift,trig_graph_transform_period
900,trig_graph_transform_horizontal_shift,trig_graph_transform_amplitude
901,trig_graph_transform_horizontal_shift,trig_coterminal_angle_find
902,trig_graph_transform_vertical_shift,trig_graph_transform_horizontal_shift
903,trig_graph_transform_vertical_shift,trig_graph_transform_period
904,trig_graph_transform_vertical_shift,trig_graph_transform_amplitude
905,interest_compound_calc,sum_n_poly
906,interest_compound_calc,sigma_properties
907,interest_compound_calc,sigma_notation
908,quadratic_eq_real_roots,interest_compound_calc
909,system_linear_2x2_elimination,quadratic_eq_real_roots
910,stats_def_population_sample,system_linear_2x2_elimination
911,stats_chart_reading,stats_def_population_sample
912,stats_freq_dist_table,stats_chart_reading
913,stats_freq_dist_table,stats_def_population_sample
914,stats_histogram_plot,stats_freq_dist_table
915,stats_histogram_plot,stats_chart_reading
916,stats_histogram_plot,stats_def_population_sample
917,stats_cumulative_freq,stats_histogram_plot
918,stats_cumulative_freq,stats_freq_dist_table
919,stats_cumulative_freq,stats_chart_reading
920,stats_stem_leaf_plot,stats_cumulative_freq
921,stats_stem_leaf_plot,stats_histogram_plot
922,stats_stem_leaf_plot,stats_freq_dist_table
923,stats_mean_calc_ungrouped,stats_stem_leaf_plot
924,stats_mean_calc_ungrouped,stats_cumulative_freq
925,stats_mean_calc_ungrouped,stats_histogram_plot
926,stats_mean_calc_grouped,stats_mean_calc_ungrouped
927,stats_mean_calc_grouped,stats_stem_leaf_plot
928,stats_mean_calc_grouped,stats_cumulative_freq
929,stats_median_calc_ungrouped,stats_mean_calc_grouped
930,stats_median_calc_ungrouped,stats_mean_calc_ungrouped
931,stats_median_calc_ungrouped,stats_stem_leaf_plot
932,stats_median_calc_grouped,stats_median_calc_ungrouped
933,stats_median_calc_grouped,stats_mean_calc_grouped
934,stats_median_calc_grouped,stats_mean_calc_ungrouped
935,stats_mode_calc,stats_median_calc_grouped
936,stats_mode_calc,stats_median_calc_ungrouped
937,stats_mode_calc,stats_mean_calc_grouped
938,stats_range_quartile,stats_mode_calc
939,stats_range_quartile,stats_median_calc_grouped
940,stats_range_quartile,stats_median_calc_ungrouped
941,stats_variance_stddev_ungrouped,stats_range_quartile
942,stats_variance_stddev_ungrouped,stats_mode_calc
943,stats_variance_stddev_ungrouped,stats_median_calc_grouped
944,stats_variance_stddev_grouped,stats_variance_stddev_ungrouped
945,stats_variance_stddev_grouped,stats_range_quartile
946,stats_variance_stddev_grouped,stats_mode_calc
947,stats_percentile_calc,stats_variance_stddev_grouped
948,stats_percentile_calc,stats_variance_stddev_ungrouped
949,stats_percentile_calc,stats_range_quartile
950,line_normal_vector,vector_triangle_inequality
951,line_normal_vector,cauchy_schwarz_inequality
952,line_normal_vector,vector_projection
953,vector_angle_between_lines,line_normal_vector
954,vector_angle_between_lines,vector_triangle_inequality
955,vector_angle_between_lines,cauchy_schwarz_inequality
956,poly_rational_root_theorem,rational_expr_ops
957,poly_rational_root_theorem,rational_expr_simplify
958,poly_rational_root_theorem,remainder_theorem_x_a
959,poly_gcf_lcm,poly_rational_root_theorem
960,poly_gcf_lcm,rational_expr_ops
961,poly_gcf_lcm,rational_expr_simplify
962,rational_expr_partial_fraction,poly_gcf_lcm
963,rational_expr_partial_fraction,poly_rational_root_theorem
964,rational_expr_partial_fraction,rational_expr_ops
965,rational_eq_solve,rational_expr_partial_fraction
966,rational_eq_solve,poly_gcf_lcm
967,rational_eq_solve,poly_rational_root_theorem
968,jh_positive_negative_def,rational_eq_solve
969,jh_number_line_plot,jh_positive_negative_def
970,jh_integer_compare,jh_number_line_plot
971,jh_integer_compare,jh_positive_negative_def
972,jh_opposite_number_def,jh_integer_compare
973,jh_opposite_number_def,jh_number_line_plot
974,jh_opposite_number_def,jh_positive_negative_def
975,jh_abs_val_def,jh_opposite_number_def
976,jh_abs_val_def,jh_integer_compare
977,jh_abs_val_def,jh_number_line_plot
978,jh_abs_val_compare,jh_abs_val_def
979,jh_abs_val_compare,jh_opposite_number_def
980,jh_abs_val_compare,jh_integer_compare
981,jh_integer_add_same_sign,jh_abs_val_compare
982,jh_integer_add_diff_sign,jh_integer_add_same_sign
983,jh_integer_add_properties,jh_integer_add_diff_sign
984,jh_integer_add_properties,jh_integer_add_same_sign
985,jh_integer_subtract_def,jh_integer_add_properties
986,jh_integer_subtract_def,jh_integer_add_diff_sign
987,jh_integer_subtract_def,jh_integer_add_same_sign
988,jh_number_line_distance,jh_integer_subtract_def
989,jh_number_line_distance,jh_integer_add_properties
990,jh_number_line_distance,jh_integer_add_diff_sign
991,jh_number_line_midpoint_simple,jh_number_line_distance
992,jh_number_line_midpoint_simple,jh_integer_subtract_def
993,jh_number_line_midpoint_simple,jh_integer_add_properties
994,jh_integer_multiply_sign_rules,jh_number_line_midpoint_simple
995,jh_integer_multiply_sign_rules,jh_number_line_distance
996,jh_integer_multiply_sign_rules,jh_integer_subtract_def
997,jh_integer_multiply_properties,jh_integer_multiply_sign_rules
998,jh_integer_multiply_properties,jh_number_line_midpoint_simple
999,jh_integer_multiply_properties,jh_number_line_distance
1000,jh_integer_divide_sign_rules,jh_integer_multiply_properties
1001,jh_integer_divide_sign_rules,jh_integer_multiply_sign_rules
1002,jh_integer_divide_sign_rules,jh_number_line_midpoint_simple
1003,jh_integer_ops_order,jh_integer_divide_sign_rules
1004,jh_integer_ops_order,jh_integer_multiply_properties
1005,jh_integer_ops_order,jh_integer_multiply_sign_rules
1006,jh_integer_distributive_law,jh_integer_ops_order
1007,jh_integer_distributive_law,jh_integer_divide_sign_rules
1008,jh_integer_distributive_law,jh_integer_multiply_properties
1009,jh_exponent_def_integer,exponent_law_rational
1010,jh_exponent_def_integer,exponent_radical_conversion
1011,jh_exponent_def_integer,exponent_zero_negative
1012,jh_exponent_calc_negative_base,jh_exponent_def_integer
1013,jh_exponent_calc_negative_base,exponent_law_rational
1014,jh_exponent_calc_negative_base,exponent_radical_conversion
1015,jh_exponent_ops_order,jh_exponent_calc_negative_base
1016,jh_exponent_ops_order,jh_exponent_def_integer
1017,jh_exponent_ops_order,exponent_law_rational
1018,jh_exponent_power_of_10,jh_exponent_ops_order
1019,jh_exponent_power_of_10,jh_exponent_calc_negative_base
1020,jh_exponent_power_of_10,jh_exponent_def_integer
1021,jh_sci_note_def,jh_exponent_power_of_10
1022,jh_sci_note_def,jh_exponent_ops_order
1023,jh_sci_note_def,jh_exponent_calc_negative_base
1024,jh_sci_note_compare,jh_sci_note_def
1025,jh_sci_note_compare,jh_exponent_power_of_10
1026,jh_sci_note_compare,jh_exponent_ops_order
1027,jh_factor_multiple_def,jh_sci_note_compare
1028,jh_divisibility_rules,jh_factor_multiple_def
1029,jh_prime_composite_def,jh_divisibility_rules
1030,jh_prime_composite_def,jh_factor_multiple_def
1031,jh_prime_factorization,jh_prime_composite_def
1032,jh_prime_factorization,jh_divisibility_rules
1033,jh_prime_factorization,jh_factor_multiple_def
1034,jh_prime_factorization_standard,jh_prime_factorization
1035,jh_prime_factorization_standard,jh_prime_composite_def
1036,jh_prime_factorization_standard,jh_divisibility_rules
1037,jh_gcf_def,jh_prime_factorization_standard
1038,jh_gcf_def,jh_prime_factorization
1039,jh_gcf_def,jh_prime_composite_def
1040,jh_relatively_prime_def,jh_gcf_def
1041,jh_relatively_prime_def,jh_prime_factorization_standard
1042,jh_relatively_prime_def,jh_prime_factorization
1043,jh_gcf_calc_prime_factor,jh_relatively_prime_def
1044,jh_gcf_calc_prime_factor,jh_gcf_def
1045,jh_gcf_calc_prime_factor,jh_prime_factorization_standard
1046,jh_gcf_calc_short_division,jh_gcf_calc_prime_factor
1047,jh_gcf_calc_short_division,jh_relatively_prime_def
1048,jh_gcf_calc_short_division,jh_gcf_def
1049,jh_lcm_def,jh_gcf_calc_short_division
1050,jh_lcm_def,jh_gcf_calc_prime_factor
1051,jh_lcm_def,jh_relatively_prime_def
1052,jh_lcm_calc_prime_factor,jh_lcm_def
1053,jh_lcm_calc_prime_factor,jh_gcf_calc_short_division
1054,jh_lcm_calc_prime_factor,jh_gcf_calc_prime_factor
1055,jh_lcm_calc_short_division,jh_lcm_calc_prime_factor
1056,jh_lcm_calc_short_division,jh_lcm_def
1057,jh_lcm_calc_short_division,jh_gcf_calc_short_division
1058,jh_gcf_lcm_relation,jh_lcm_calc_short_division
1059,jh_gcf_lcm_relation,jh_lcm_calc_prime_factor
1060,jh_gcf_lcm_relation,jh_lcm_def
1061,jh_fraction_simplify,jh_gcf_lcm_relation
1062,jh_fraction_compare,jh_fraction_simplify
1063,jh_fraction_add_sub_same_den,jh_fraction_compare
1064,jh_fraction_add_sub_same_den,jh_fraction_simplify
1065,jh_fraction_add_sub_diff_den,jh_fraction_add_sub_same_den
1066,jh_fraction_add_sub_diff_den,jh_fraction_compare
1067,jh_fraction_add_sub_diff_den,jh_fraction_simplify
1068,jh_fraction_multiply,jh_fraction_add_sub_diff_den
1069,jh_fraction_multiply,jh_fraction_add_sub_same_den
1070,jh_fraction_multiply,jh_fraction_compare
1071,jh_fraction_reciprocal_def,jh_fraction_multiply
1072,jh_fraction_reciprocal_def,jh_fraction_add_sub_diff_den
1073,jh_fraction_reciprocal_def,jh_fraction_add_sub_same_den
1074,jh_fraction_divide,jh_fraction_reciprocal_def
1075,jh_fraction_divide,jh_fraction_multiply
1076,jh_fraction_divide,jh_fraction_add_sub_diff_den
1077,jh_fraction_ops_order,jh_fraction_divide
1078,jh_fraction_ops_order,jh_fraction_reciprocal_def
1079,jh_fraction_ops_order,jh_fraction_multiply
1080,jh_exponent_law_multiply,jh_sci_note_compare
1081,jh_exponent_law_multiply,jh_sci_note_def
1082,jh_exponent_law_multiply,jh_exponent_power_of_10
1083,jh_exponent_law_divide,jh_exponent_law_multiply
1084,jh_exponent_law_divide,jh_sci_note_compare
1085,jh_exponent_law_divide,jh_sci_note_def
1086,jh_exponent_law_power_of_power,jh_exponent_law_divide
1087,jh_exponent_law_power_of_power,jh_exponent_law_multiply
1088,jh_exponent_law_power_of_power,jh_sci_note_compare
1089,jh_exponent_law_power_of_product,jh_exponent_law_power_of_power
1090,jh_exponent_law_power_of_product,jh_exponent_law_divide
1091,jh_exponent_law_power_of_product,jh_exponent_law_multiply
1092,jh_algebra_symbol_def,jh_exponent_law_power_of_product
1093,jh_algebra_substitute_value,jh_algebra_symbol_def
1094,jh_algebra_combine_like_terms,jh_algebra_substitute_value
1095,jh_algebra_combine_like_terms,jh_algebra_symbol_def
1096,jh_algebra_distributive_law_simplify,jh_algebra_combine_like_terms
1097,jh_algebra_distributive_law_simplify,jh_algebra_substitute_value
1098,jh_algebra_distributive_law_simplify,jh_algebra_symbol_def
1099,jh_algebra_fractional_simplify,jh_algebra_distributive_law_simplify
1100,jh_algebra_fractional_simplify,jh_algebra_combine_like_terms
1101,jh_algebra_fractional_simplify,jh_algebra_substitute_value
1102,jh_equation_solve_one_step_add_sub,system_linear_2x2_elimination
1103,jh_equation_solve_one_step_add_sub,quadratic_eq_real_roots
1104,jh_equation_solve_one_step_mul_div,jh_equation_solve_one_step_add_sub
1105,jh_equation_solve_one_step_mul_div,system_linear_2x2_elimination
1106,jh_equation_solve_one_step_mul_div,quadratic_eq_real_roots
1107,jh_equation_solve_two_step,jh_equation_solve_one_step_mul_div
1108,jh_equation_solve_two_step,jh_equation_solve_one_step_add_sub
1109,jh_equation_solve_two_step,system_linear_2x2_elimination
1110,jh_equation_solve_variables_both_sides,jh_equation_solve_two_step
1111,jh_equation_solve_variables_both_sides,jh_equation_solve_one_step_mul_div
1112,jh_equation_solve_variables_both_sides,jh_equation_solve_one_step_add_sub
1113,jh_equation_solve_with_parentheses,jh_equation_solve_variables_both_sides
1114,jh_equation_solve_with_parentheses,jh_equation_solve_two_step
1115,jh_equation_solve_with_parentheses,jh_equation_solve_one_step_mul_div
1116,jh_equation_solve_with_fractions,jh_equation_solve_with_parentheses
1117,jh_equation_solve_with_fractions,jh_equation_solve_variables_both_sides
1118,jh_equation_solve_with_fractions,jh_equation_solve_two_step
1119,jh_equation_word_problem_setup,jh_equation_solve_with_fractions
1120,jh_equation_word_problem_setup,jh_equation_solve_with_parentheses
1121,jh_equation_word_problem_setup,jh_equation_solve_variables_both_sides
1122,jh_equation_word_problem_solve,jh_equation_word_problem_setup
1123,jh_equation_word_problem_solve,jh_equation_solve_with_fractions
1124,jh_equation_word_problem_solve,jh_equation_solve_with_parentheses
1125,jh_algebra_2var_def,jh_algebra_fractional_simplify
1126,jh_algebra_2var_def,jh_algebra_distributive_law_simplify
1127,jh_algebra_2var_def,jh_algebra_combine_like_terms
1128,jh_algebra_2var_substitute_check,jh_algebra_2var_def
1129,jh_algebra_2var_substitute_check,jh_algebra_fractional_simplify
1130,jh_algebra_2var_substitute_check,jh_algebra_distributive_law_simplify
1131,jh_equation_2var_check,jh_equation_word_problem_solve
1132,jh_equation_2var_check,jh_equation_word_problem_setup
1133,jh_equation_2var_check,jh_equation_solve_with_fractions
1134,jh_equation_2var_find_solutions,jh_equation_2var_check
1135,jh_equation_2var_find_solutions,jh_equation_word_problem_solve
1136,jh_equation_2var_find_solutions,jh_equation_word_problem_setup
1137,jh_equation_2var_system_check,jh_equation_2var_find_solutions
1138,jh_equation_2var_system_check,jh_equation_2var_check
1139,jh_equation_2var_system_check,jh_equation_word_problem_solve
1140,jh_equation_2var_solve_substitution,jh_equation_2var_system_check
1141,jh_equation_2var_solve_substitution,jh_equation_2var_find_solutions
1142,jh_equation_2var_solve_substitution,jh_equation_2var_check
1143,jh_equation_2var_solve_elimination_simple,jh_equation_2var_solve_substitution
1144,jh_equation_2var_solve_elimination_simple,jh_equation_2var_system_check
1145,jh_equation_2var_solve_elimination_simple,jh_equation_2var_find_solutions
1146,jh_equation_2var_solve_elimination_scaling,jh_equation_2var_solve_elimination_simple
1147,jh_equation_2var_solve_elimination_scaling,jh_equation_2var_solve_substitution
1148,jh_equation_2var_solve_elimination_scaling,jh_equation_2var_system_check
1149,jh_equation_2var_word_problem_setup,jh_equation_2var_solve_elimination_scaling
1150,jh_equation_2var_word_problem_setup,jh_equation_2var_solve_elimination_simple
1151,jh_equation_2var_word_problem_setup,jh_equation_2var_solve_substitution
1152,jh_equation_2var_word_problem_solve,jh_equation_2var_word_problem_setup
1153,jh_equation_2var_word_problem_solve,jh_equation_2var_solve_elimination_scaling
1154,jh_equation_2var_word_problem_solve,jh_equation_2var_solve_elimination_simple
1155,jh_plane_plot_point,jh_equation_2var_word_problem_solve
1156,jh_plane_read_point,jh_plane_plot_point
1157,jh_plane_quadrant_identify,jh_plane_read_point
1158,jh_plane_quadrant_identify,jh_plane_plot_point
1159,jh_plane_point_translation,jh_plane_quadrant_identify
1160,jh_plane_point_translation,jh_plane_read_point
1161,jh_plane_point_translation,jh_plane_plot_point
1162,jh_graph_2var_plot_line,jh_plane_point_translation
1163,jh_graph_2var_plot_line,jh_plane_quadrant_identify
1164,jh_graph_2var_plot_line,jh_plane_read_point
1165,jh_graph_horizontal_line,jh_graph_2var_plot_line
1166,jh_graph_horizontal_line,jh_plane_point_translation
1167,jh_graph_horizontal_line,jh_plane_quadrant_identify
1168,jh_graph_vertical_line,jh_graph_horizontal_line
1169,jh_graph_vertical_line,jh_graph_2var_plot_line
1170,jh_graph_vertical_line,jh_plane_point_translation
1171,jh_graph_system_solution,jh_graph_vertical_line
1172,jh_graph_system_solution,jh_graph_horizontal_line
1173,jh_graph_system_solution,jh_graph_2var_plot_line
1174,jh_ratio_def_value,jh_graph_system_solution
1175,jh_ratio_simplify,jh_ratio_def_value
1176,jh_proportion_solve,jh_ratio_simplify
1177,jh_proportion_solve,jh_ratio_def_value
1178,jh_proportion_word_problem,jh_proportion_solve
1179,jh_proportion_word_problem,jh_ratio_simplify
1180,jh_proportion_word_problem,jh_ratio_def_value
1181,jh_proportion_direct_def,jh_proportion_word_problem
1182,jh_proportion_direct_def,jh_proportion_solve
1183,jh_proportion_direct_def,jh_ratio_simplify
1184,jh_proportion_inverse_def,jh_proportion_direct_def
1185,jh_proportion_inverse_def,jh_proportion_word_problem
1186,jh_proportion_inverse_def,jh_proportion_solve
1187,jh_inequality_def_symbols,jh_proportion_inverse_def
1188,jh_inequality_word_problem_setup,jh_inequality_def_symbols
1189,jh_inequality_check_solution,jh_inequality_word_problem_setup
1190,jh_inequality_check_solution,jh_inequality_def_symbols
1191,jh_inequality_plot_number_line,jh_inequality_check_solution
1192,jh_inequality_plot_number_line,jh_inequality_word_problem_setup
1193,jh_inequality_plot_number_line,jh_inequality_def_symbols
1194,jh_inequality_solve_add_sub,jh_inequality_plot_number_line
1195,jh_inequality_solve_add_sub,jh_inequality_check_solution
1196,jh_inequality_solve_add_sub,jh_inequality_word_problem_setup
1197,jh_inequality_solve_mul_div_positive,jh_inequality_solve_add_sub
1198,jh_inequality_solve_mul_div_positive,jh_inequality_plot_number_line
1199,jh_inequality_solve_mul_div_positive,jh_inequality_check_solution
1200,jh_inequality_solve_mul_div_negative,jh_inequality_solve_mul_div_positive
1201,jh_inequality_solve_mul_div_negative,jh_inequality_solve_add_sub
1202,jh_inequality_solve_mul_div_negative,jh_inequality_plot_number_line
1203,jh_inequality_solve_multi_step,jh_inequality_solve_mul_div_negative
1204,jh_inequality_solve_multi_step,jh_inequality_solve_mul_div_positive
1205,jh_inequality_solve_multi_step,jh_inequality_solve_add_sub
1206,jh_stats_freq_polygon_plot,stats_percentile_calc
1207,jh_stats_freq_polygon_plot,stats_variance_stddev_grouped
1208,jh_stats_freq_polygon_plot,stats_variance_stddev_ungrouped
1209,jh_geo_def_point_line_angle,jh_stats_freq_polygon_plot
1210,jh_geo_def_polygon,jh_geo_def_point_line_angle
1211,jh_geo_def_perpendicular_bisector,jh_geo_def_polygon
1212,jh_geo_def_perpendicular_bisector,jh_geo_def_point_line_angle
1213,jh_geo_def_line_symmetry,jh_geo_def_perpendicular_bisector
1214,jh_geo_def_line_symmetry,jh_geo_def_polygon
1215,jh_geo_def_line_symmetry,jh_geo_def_point_line_angle
1216,jh_geo_def_3d_views,jh_geo_def_line_symmetry
1217,jh_geo_def_3d_views,jh_geo_def_perpendicular_bisector
1218,jh_geo_def_3d_views,jh_geo_def_polygon
1219,jh_arithmetic_seq_def,interest_compound_calc
1220,jh_arithmetic_seq_def,sum_n_poly
1221,jh_arithmetic_seq_def,sigma_properties
1222,jh_formula_square_of_sum_expand,jh_geo_def_3d_views
1223,jh_arithmetic_seq_term_calc,jh_arithmetic_seq_def
1224,jh_arithmetic_seq_term_calc,interest_compound_calc
1225,jh_arithmetic_seq_term_calc,sum_n_poly
1226,jh_formula_square_of_diff_expand,jh_formula_square_of_sum_expand
1227,jh_arithmetic_seq_mean_calc,jh_arithmetic_seq_term_calc
1228,jh_arithmetic_seq_mean_calc,jh_arithmetic_seq_def
1229,jh_arithmetic_seq_mean_calc,interest_compound_calc
1230,jh_formula_diff_of_squares_expand,jh_formula_square_of_diff_expand
1231,jh_formula_diff_of_squares_expand,jh_formula_square_of_sum_expand
1232,jh_poly_def_terms_degree,jh_formula_diff_of_squares_expand
1233,jh_poly_def_terms_degree,jh_formula_square_of_diff_expand
1234,jh_poly_def_terms_degree,jh_formula_square_of_sum_expand
1235,jh_arithmetic_series_def,jh_arithmetic_seq_mean_calc
1236,jh_arithmetic_series_def,jh_arithmetic_seq_term_calc
1237,jh_arithmetic_series_def,jh_arithmetic_seq_def
1238,jh_poly_ops_add_sub_simple,jh_poly_def_terms_degree
1239,jh_poly_ops_add_sub_simple,jh_formula_diff_of_squares_expand
1240,jh_poly_ops_add_sub_simple,jh_formula_square_of_diff_expand
1241,jh_arithmetic_series_sum_calc,jh_arithmetic_series_def
1242,jh_arithmetic_series_sum_calc,jh_arithmetic_seq_mean_calc
1243,jh_arithmetic_series_sum_calc,jh_arithmetic_seq_term_calc
1244,jh_poly_ops_multiply_mono,jh_poly_ops_add_sub_simple
1245,jh_poly_ops_multiply_mono,jh_poly_def_terms_degree
1246,jh_poly_ops_multiply_mono,jh_formula_diff_of_squares_expand
1247,jh_geometric_seq_def,jh_arithmetic_series_sum_calc
1248,jh_geometric_seq_def,jh_arithmetic_series_def
1249,jh_geometric_seq_def,jh_arithmetic_seq_mean_calc
1250,jh_poly_ops_multiply_poly,jh_poly_ops_multiply_mono
1251,jh_poly_ops_multiply_poly,jh_poly_ops_add_sub_simple
1252,jh_poly_ops_multiply_poly,jh_poly_def_terms_degree
1253,jh_geometric_seq_term_calc,jh_geometric_seq_def
1254,jh_geometric_seq_term_calc,jh_arithmetic_series_sum_calc
1255,jh_geometric_seq_term_calc,jh_arithmetic_series_def
1256,jh_poly_ops_divide_poly,jh_poly_ops_multiply_poly
1257,jh_poly_ops_divide_poly,jh_poly_ops_multiply_mono
1258,jh_poly_ops_divide_poly,jh_poly_ops_add_sub_simple
1259,jh_geometric_seq_mean_calc,jh_geometric_seq_term_calc
1260,jh_geometric_seq_mean_calc,jh_geometric_seq_def
1261,jh_geometric_seq_mean_calc,jh_arithmetic_series_sum_calc
1262,jh_fibonacci_seq_def,jh_geometric_seq_mean_calc
1263,jh_fibonacci_seq_def,jh_geometric_seq_term_calc
1264,jh_fibonacci_seq_def,jh_geometric_seq_def
1265,jh_poly_division_relation,jh_poly_ops_divide_poly
1266,jh_poly_division_relation,jh_poly_ops_multiply_poly
1267,jh_poly_division_relation,jh_poly_ops_multiply_mono
1268,jh_function_def_check,function_composition
1269,jh_function_def_check,function_ops
1270,jh_sqrt_def,jh_poly_division_relation
1271,jh_sqrt_positive_negative,jh_sqrt_def
1272,jh_function_linear_def,jh_function_def_check
1273,jh_function_linear_def,function_composition
1274,jh_function_linear_def,function_ops
1275,jh_function_linear_find_eq,jh_function_linear_def
1276,jh_function_linear_find_eq,jh_function_def_check
1277,jh_function_linear_find_eq,function_composition
1278,jh_sqrt_simplify_perfect_square,jh_sqrt_positive_negative
1279,jh_sqrt_simplify_perfect_square,jh_sqrt_def
1280,jh_geo_angle_types_relations,jh_geo_def_3d_views
1281,jh_geo_angle_types_relations,jh_geo_def_line_symmetry
1282,jh_geo_angle_types_relations,jh_geo_def_perpendicular_bisector
1283,jh_sqrt_ops_multiply,jh_sqrt_simplify_perfect_square
1284,jh_sqrt_ops_multiply,jh_sqrt_positive_negative
1285,jh_sqrt_ops_multiply,jh_sqrt_def
1286,jh_sqrt_ops_divide,jh_sqrt_ops_multiply
1287,jh_sqrt_ops_divide,jh_sqrt_simplify_perfect_square
1288,jh_sqrt_ops_divide,jh_sqrt_positive_negative
1289,jh_geo_triangle_angle_sum_interior,jh_geo_angle_types_relations
1290,jh_geo_triangle_angle_sum_interior,jh_geo_def_3d_views
1291,jh_geo_triangle_angle_sum_interior,jh_geo_def_line_symmetry
1292,jh_sqrt_combine_like_terms,jh_sqrt_ops_divide
1293,jh_sqrt_combine_like_terms,jh_sqrt_ops_multiply
1294,jh_sqrt_combine_like_terms,jh_sqrt_simplify_perfect_square
1295,jh_geo_triangle_angle_exterior,jh_geo_triangle_angle_sum_interior
1296,jh_geo_triangle_angle_exterior,jh_geo_angle_types_relations
1297,jh_geo_triangle_angle_exterior,jh_geo_def_3d_views
1298,jh_pythagorean_theorem_calc,jh_sqrt_combine_like_terms
1299,jh_pythagorean_theorem_calc,jh_sqrt_ops_divide
1300,jh_pythagorean_theorem_calc,jh_sqrt_ops_multiply
1301,jh_geo_polygon_angle_sum_interior,jh_geo_triangle_angle_exterior
1302,jh_geo_polygon_angle_sum_interior,jh_geo_triangle_angle_sum_interior
1303,jh_geo_polygon_angle_sum_interior,jh_geo_angle_types_relations
1304,jh_pythagorean_theorem_converse,jh_pythagorean_theorem_calc
1305,jh_pythagorean_theorem_converse,jh_sqrt_combine_like_terms
1306,jh_pythagorean_theorem_converse,jh_sqrt_ops_divide
1307,jh_geo_polygon_angle_sum_exterior,jh_geo_polygon_angle_sum_interior
1308,jh_geo_polygon_angle_sum_exterior,jh_geo_triangle_angle_exterior
1309,jh_geo_polygon_angle_sum_exterior,jh_geo_triangle_angle_sum_interior
1310,jh_geo_construct_line_segment,jh_geo_polygon_angle_sum_exterior
1311,jh_geo_construct_line_segment,jh_geo_polygon_angle_sum_interior
1312,jh_geo_construct_line_segment,jh_geo_triangle_angle_exterior
1313,jh_factor_def_check,jh_geo_polygon_angle_sum_exterior
1314,jh_geo_construct_angle,jh_geo_construct_line_segment
1315,jh_geo_construct_angle,jh_geo_polygon_angle_sum_exterior
1316,jh_geo_construct_angle,jh_geo_polygon_angle_sum_interior
1317,jh_factor_common_factor,jh_factor_def_check
1318,jh_geo_construct_perpendicular_bisector,jh_geo_construct_angle
1319,jh_geo_construct_perpendicular_bisector,jh_geo_construct_line_segment
1320,jh_geo_construct_perpendicular_bisector,jh_geo_polygon_angle_sum_exterior
1321,jh_factor_grouping,jh_factor_common_factor
1322,jh_factor_grouping,jh_factor_def_check
1323,jh_geo_construct_angle_bisector,jh_geo_construct_perpendicular_bisector
1324,jh_geo_construct_angle_bisector,jh_geo_construct_angle
1325,jh_geo_construct_angle_bisector,jh_geo_construct_line_segment
1326,jh_factor_diff_of_squares,jh_factor_grouping
1327,jh_factor_diff_of_squares,jh_factor_common_factor
1328,jh_factor_diff_of_squares,jh_factor_def_check
1329,jh_factor_square_of_sum_diff,jh_factor_diff_of_squares
1330,jh_factor_square_of_sum_diff,jh_factor_grouping
1331,jh_factor_square_of_sum_diff,jh_factor_common_factor
1332,jh_geo_construct_perpendicular_point_on_line,jh_geo_construct_angle_bisector
1333,jh_geo_construct_perpendicular_point_on_line,jh_geo_construct_perpendicular_bisector
1334,jh_geo_construct_perpendicular_point_on_line,jh_geo_construct_angle
1335,jh_geo_construct_perpendicular_point_off_line,jh_geo_construct_perpendicular_point_on_line
1336,jh_geo_construct_perpendicular_point_off_line,jh_geo_construct_angle_bisector
1337,jh_geo_construct_perpendicular_point_off_line,jh_geo_construct_perpendicular_bisector
1338,jh_factor_cross_method_x2,jh_factor_square_of_sum_diff
1339,jh_factor_cross_method_x2,jh_factor_diff_of_squares
1340,jh_factor_cross_method_x2,jh_factor_grouping
1341,jh_geo_congruence_def,jh_geo_construct_perpendicular_point_off_line
1342,jh_geo_congruence_def,jh_geo_construct_perpendicular_point_on_line
1343,jh_geo_congruence_def,jh_geo_construct_angle_bisector
1344,jh_factor_cross_method_mx2,jh_factor_cross_method_x2
1345,jh_factor_cross_method_mx2,jh_factor_square_of_sum_diff
1346,jh_factor_cross_method_mx2,jh_factor_diff_of_squares
1347,jh_geo_congruence_sss,jh_geo_congruence_def
1348,jh_geo_congruence_sss,jh_geo_construct_perpendicular_point_off_line
1349,jh_geo_congruence_sss,jh_geo_construct_perpendicular_point_on_line
1350,jh_equation_quad_def_check,jh_equation_2var_word_problem_solve
1351,jh_equation_quad_def_check,jh_equation_2var_word_problem_setup
1352,jh_equation_quad_def_check,jh_equation_2var_solve_elimination_scaling
1353,jh_equation_quad_solve_factor_ab_0,jh_equation_quad_def_check
1354,jh_equation_quad_solve_factor_ab_0,jh_equation_2var_word_problem_solve
1355,jh_equation_quad_solve_factor_ab_0,jh_equation_2var_word_problem_setup
1356,jh_geo_congruence_sas,jh_geo_congruence_sss
1357,jh_geo_congruence_sas,jh_geo_congruence_def
1358,jh_geo_congruence_sas,jh_geo_construct_perpendicular_point_off_line
1359,jh_equation_quad_solve_sqrt,jh_equation_quad_solve_factor_ab_0
1360,jh_equation_quad_solve_sqrt,jh_equation_quad_def_check
1361,jh_equation_quad_solve_sqrt,jh_equation_2var_word_problem_solve
1362,jh_geo_congruence_asa,jh_geo_congruence_sas
1363,jh_geo_congruence_asa,jh_geo_congruence_sss
1364,jh_geo_congruence_asa,jh_geo_congruence_def
1365,jh_equation_quad_solve_complete_square,jh_equation_quad_solve_sqrt
1366,jh_equation_quad_solve_complete_square,jh_equation_quad_solve_factor_ab_0
1367,jh_equation_quad_solve_complete_square,jh_equation_quad_def_check
1368,jh_geo_congruence_aas,jh_geo_congruence_asa
1369,jh_geo_congruence_aas,jh_geo_congruence_sas
1370,jh_geo_congruence_aas,jh_geo_congruence_sss
1371,jh_geo_congruence_rhs,jh_geo_congruence_aas
1372,jh_geo_congruence_rhs,jh_geo_congruence_asa
1373,jh_geo_congruence_rhs,jh_geo_congruence_sas
1374,jh_equation_quad_solve_formula,jh_equation_quad_solve_complete_square
1375,jh_equation_quad_solve_formula,jh_equation_quad_solve_sqrt
1376,jh_equation_quad_solve_formula,jh_equation_quad_solve_factor_ab_0
1377,jh_equation_quad_discriminant,jh_equation_quad_solve_formula
1378,jh_equation_quad_discriminant,jh_equation_quad_solve_complete_square
1379,jh_equation_quad_discriminant,jh_equation_quad_solve_sqrt
1380,jh_geo_perpendicular_bisector_property,jh_geo_congruence_rhs
1381,jh_geo_perpendicular_bisector_property,jh_geo_congruence_aas
1382,jh_geo_perpendicular_bisector_property,jh_geo_congruence_asa
1383,jh_equation_quad_word_problem,jh_equation_quad_discriminant
1384,jh_equation_quad_word_problem,jh_equation_quad_solve_formula
1385,jh_equation_quad_word_problem,jh_equation_quad_solve_complete_square
1386,jh_geo_angle_bisector_property,jh_geo_perpendicular_bisector_property
1387,jh_geo_angle_bisector_property,jh_geo_congruence_rhs
1388,jh_geo_angle_bisector_property,jh_geo_congruence_aas
1389,jh_stats_relative_freq,jh_stats_freq_polygon_plot
1390,jh_stats_relative_freq,stats_percentile_calc
1391,jh_stats_relative_freq,stats_variance_stddev_grouped
1392,jh_geo_triangle_side_relation,jh_geo_angle_bisector_property
1393,jh_geo_triangle_side_relation,jh_geo_perpendicular_bisector_property
1394,jh_geo_triangle_side_relation,jh_geo_congruence_rhs
1395,jh_stats_cumulative_relative_freq,jh_stats_relative_freq
1396,jh_stats_cumulative_relative_freq,jh_stats_freq_polygon_plot
1397,jh_stats_cumulative_relative_freq,stats_percentile_calc
1398,jh_geo_triangle_angle_side_relation,jh_geo_triangle_side_relation
1399,jh_geo_triangle_angle_side_relation,jh_geo_angle_bisector_property
1400,jh_geo_triangle_angle_side_relation,jh_geo_perpendicular_bisector_property
1401,jh_geo_parallel_lines_def,jh_geo_triangle_angle_side_relation
1402,jh_geo_parallel_lines_def,jh_geo_triangle_side_relation
1403,jh_geo_parallel_lines_def,jh_geo_angle_bisector_property
1404,jh_geo_parallel_lines_property_angles,jh_geo_parallel_lines_def
1405,jh_geo_parallel_lines_property_angles,jh_geo_triangle_angle_side_relation
1406,jh_geo_parallel_lines_property_angles,jh_geo_triangle_side_relation
1407,jh_geo_parallel_lines_test,jh_geo_parallel_lines_property_angles
1408,jh_geo_parallel_lines_test,jh_geo_parallel_lines_def
1409,jh_geo_parallel_lines_test,jh_geo_triangle_angle_side_relation
1410,jh_geo_construct_parallel_line,jh_geo_parallel_lines_test
1411,jh_geo_construct_parallel_line,jh_geo_parallel_lines_property_angles
1412,jh_geo_construct_parallel_line,jh_geo_parallel_lines_def
1413,jh_geo_parallelogram_def_properties,jh_geo_construct_parallel_line
1414,jh_geo_parallelogram_def_properties,jh_geo_parallel_lines_test
1415,jh_geo_parallelogram_def_properties,jh_geo_parallel_lines_property_angles
1416,jh_geo_parallelogram_tests,jh_geo_parallelogram_def_properties
1417,jh_geo_parallelogram_tests,jh_geo_construct_parallel_line
1418,jh_geo_parallelogram_tests,jh_geo_parallel_lines_test
1419,jh_geo_rectangle_def_properties,jh_geo_parallelogram_tests
1420,jh_geo_rectangle_def_properties,jh_geo_parallelogram_def_properties
1421,jh_geo_rectangle_def_properties,jh_geo_construct_parallel_line
1422,jh_geo_rhombus_def_properties,jh_geo_rectangle_def_properties
1423,jh_geo_rhombus_def_properties,jh_geo_parallelogram_tests
1424,jh_geo_rhombus_def_properties,jh_geo_parallelogram_def_properties
1425,jh_geo_square_def_properties,jh_geo_rhombus_def_properties
1426,jh_geo_square_def_properties,jh_geo_rectangle_def_properties
1427,jh_geo_square_def_properties,jh_geo_parallelogram_tests
1428,jh_geo_trapezoid_def_properties,jh_geo_square_def_properties
1429,jh_geo_trapezoid_def_properties,jh_geo_rhombus_def_properties
1430,jh_geo_trapezoid_def_properties,jh_geo_rectangle_def_properties
1431,jh_geo_kite_def_properties,jh_geo_trapezoid_def_properties
1432,jh_geo_kite_def_properties,jh_geo_square_def_properties
1433,jh_geo_kite_def_properties,jh_geo_rhombus_def_properties
1434,jh_ratio_chained_def,jh_proportion_inverse_def
1435,jh_ratio_chained_def,jh_proportion_direct_def
1436,jh_ratio_chained_def,jh_proportion_word_problem
1437,jh_ratio_chained_combine,jh_ratio_chained_def
1438,jh_ratio_chained_combine,jh_proportion_inverse_def
1439,jh_ratio_chained_combine,jh_proportion_direct_def
1440,jh_ratio_chained_word_problem,jh_ratio_chained_combine
1441,jh_ratio_chained_word_problem,jh_ratio_chained_def
1442,jh_ratio_chained_word_problem,jh_proportion_inverse_def
1443,jh_geo_parallel_lines_proportional_segments,jh_geo_kite_def_properties
1444,jh_geo_parallel_lines_proportional_segments,jh_geo_trapezoid_def_properties
1445,jh_geo_parallel_lines_proportional_segments,jh_geo_square_def_properties
1446,jh_geo_triangle_midsegment_theorem,jh_geo_parallel_lines_proportional_segments
1447,jh_geo_triangle_midsegment_theorem,jh_geo_kite_def_properties
1448,jh_geo_triangle_midsegment_theorem,jh_geo_trapezoid_def_properties
1449,jh_geo_similarity_scaling_def,jh_geo_triangle_midsegment_theorem
1450,jh_geo_similarity_scaling_def,jh_geo_parallel_lines_proportional_segments
1451,jh_geo_similarity_scaling_def,jh_geo_kite_def_properties
1452,jh_geo_similarity_test_aa,jh_geo_similarity_scaling_def
1453,jh_geo_similarity_test_aa,jh_geo_triangle_midsegment_theorem
1454,jh_geo_similarity_test_aa,jh_geo_parallel_lines_proportional_segments
1455,jh_geo_similarity_test_sss,jh_geo_similarity_test_aa
1456,jh_geo_similarity_test_sss,jh_geo_similarity_scaling_def
1457,jh_geo_similarity_test_sss,jh_geo_triangle_midsegment_theorem
1458,jh_geo_similarity_test_sas,jh_geo_similarity_test_sss
1459,jh_geo_similarity_test_sas,jh_geo_similarity_test_aa
1460,jh_geo_similarity_test_sas,jh_geo_similarity_scaling_def
1461,jh_geo_similarity_application_measurement,jh_geo_similarity_test_sas
1462,jh_geo_similarity_application_measurement,jh_geo_similarity_test_sss
1463,jh_geo_similarity_application_measurement,jh_geo_similarity_test_aa
1464,jh_geo_similarity_application_area_ratio,jh_geo_similarity_application_measurement
1465,jh_geo_similarity_application_area_ratio,jh_geo_similarity_test_sas
1466,jh_geo_similarity_application_area_ratio,jh_geo_similarity_test_sss
1467,jh_circle_def_parts,jh_geo_similarity_application_area_ratio
1468,jh_circle_def_parts,jh_geo_similarity_application_measurement
1469,jh_circle_def_parts,jh_geo_similarity_test_sas
1470,jh_circle_point_relation,jh_circle_def_parts
1471,jh_circle_point_relation,jh_geo_similarity_application_area_ratio
1472,jh_circle_point_relation,jh_geo_similarity_application_measurement
1473,jh_circle_line_relation,jh_circle_point_relation
1474,jh_circle_line_relation,jh_circle_def_parts
1475,jh_circle_line_relation,jh_geo_similarity_application_area_ratio
1476,jh_circle_tangent_property,jh_circle_line_relation
1477,jh_circle_tangent_property,jh_circle_point_relation
1478,jh_circle_tangent_property,jh_circle_def_parts
1479,jh_circle_chord_property,jh_circle_tangent_property
1480,jh_circle_chord_property,jh_circle_line_relation
1481,jh_circle_chord_property,jh_circle_point_relation
1482,jh_circle_equal_chords_property,jh_circle_chord_property
1483,jh_circle_equal_chords_property,jh_circle_tangent_property
1484,jh_circle_equal_chords_property,jh_circle_line_relation
1485,jh_circle_central_angle_arc,jh_circle_equal_chords_property
1486,jh_circle_central_angle_arc,jh_circle_chord_property
1487,jh_circle_central_angle_arc,jh_circle_tangent_property
1488,jh_circle_inscribed_angle_arc,jh_circle_central_angle_arc
1489,jh_circle_inscribed_angle_arc,jh_circle_equal_chords_property
1490,jh_circle_inscribed_angle_arc,jh_circle_chord_property
1491,jh_circle_inscribed_angle_diameter,jh_circle_inscribed_angle_arc
1492,jh_circle_inscribed_angle_diameter,jh_circle_central_angle_arc
1493,jh_circle_inscribed_angle_diameter,jh_circle_equal_chords_property
1494,jh_circle_inscribed_quadrilateral,jh_circle_inscribed_angle_diameter
1495,jh_circle_inscribed_quadrilateral,jh_circle_inscribed_angle_arc
1496,jh_circle_inscribed_quadrilateral,jh_circle_central_angle_arc
1497,jh_circle_tangent_chord_angle,jh_circle_inscribed_quadrilateral
1498,jh_circle_tangent_chord_angle,jh_circle_inscribed_angle_diameter
1499,jh_circle_tangent_chord_angle,jh_circle_inscribed_angle_arc
1500,jh_circle_interior_angle,jh_circle_tangent_chord_angle
1501,jh_circle_interior_angle,jh_circle_inscribed_quadrilateral
1502,jh_circle_interior_angle,jh_circle_inscribed_angle_diameter
1503,jh_circle_exterior_angle,jh_circle_interior_angle
1504,jh_circle_exterior_angle,jh_circle_tangent_chord_angle
1505,jh_circle_exterior_angle,jh_circle_inscribed_quadrilateral
1506,jh_algebra_proof_odd_even,jh_circle_exterior_angle
1507,jh_algebra_proof_odd_even,jh_circle_interior_angle
1508,jh_algebra_proof_odd_even,jh_circle_tangent_chord_angle
1509,jh_geo_triangle_circumcenter_def_property,jh_algebra_proof_odd_even
1510,jh_geo_triangle_circumcenter_def_property,jh_circle_exterior_angle
1511,jh_geo_triangle_circumcenter_def_property,jh_circle_interior_angle
1512,jh_geo_triangle_circumcenter_location,jh_geo_triangle_circumcenter_def_property
1513,jh_geo_triangle_circumcenter_location,jh_algebra_proof_odd_even
1514,jh_geo_triangle_circumcenter_location,jh_circle_exterior_angle
1515,jh_geo_triangle_incenter_def_property,jh_geo_triangle_circumcenter_location
1516,jh_geo_triangle_incenter_def_property,jh_geo_triangle_circumcenter_def_property
1517,jh_geo_triangle_incenter_def_property,jh_algebra_proof_odd_even
1518,jh_geo_triangle_incenter_area,jh_geo_triangle_incenter_def_property
1519,jh_geo_triangle_incenter_area,jh_geo_triangle_circumcenter_location
1520,jh_geo_triangle_incenter_area,jh_geo_triangle_circumcenter_def_property
1521,jh_geo_triangle_centroid_def_property,jh_geo_triangle_incenter_area
1522,jh_geo_triangle_centroid_def_property,jh_geo_triangle_incenter_def_property
1523,jh_geo_triangle_centroid_def_property,jh_geo_triangle_circumcenter_location
1524,jh_quad_func_def,jh_geo_triangle_centroid_def_property
1525,jh_quad_func_graph_ax2,jh_quad_func_def
1526,jh_quad_func_graph_ax2_k,jh_quad_func_graph_ax2
1527,jh_quad_func_graph_ax2_k,jh_quad_func_def
1528,jh_quad_func_graph_a_x_h_2,jh_quad_func_graph_ax2_k
1529,jh_quad_func_graph_a_x_h_2,jh_quad_func_graph_ax2
1530,jh_quad_func_graph_a_x_h_2,jh_quad_func_def
1531,jh_quad_func_graph_a_x_h_2_k,jh_quad_func_graph_a_x_h_2
1532,jh_quad_func_graph_a_x_h_2_k,jh_quad_func_graph_ax2_k
1533,jh_quad_func_graph_a_x_h_2_k,jh_quad_func_graph_ax2
1534,jh_quad_func_complete_square_simple,jh_quad_func_graph_a_x_h_2_k
1535,jh_quad_func_complete_square_simple,jh_quad_func_graph_a_x_h_2
1536,jh_quad_func_complete_square_simple,jh_quad_func_graph_ax2_k
1537,jh_quad_func_complete_square_general,jh_quad_func_complete_square_simple
1538,jh_quad_func_complete_square_general,jh_quad_func_graph_a_x_h_2_k
1539,jh_quad_func_complete_square_general,jh_quad_func_graph_a_x_h_2
1540,jh_quad_func_max_min_vertex,jh_quad_func_complete_square_general
1541,jh_quad_func_max_min_vertex,jh_quad_func_complete_square_simple
1542,jh_quad_func_max_min_vertex,jh_quad_func_graph_a_x_h_2_k
1543,jh_quad_func_axis_intercepts,jh_quad_func_max_min_vertex
1544,jh_quad_func_axis_intercepts,jh_quad_func_complete_square_general
1545,jh_quad_func_axis_intercepts,jh_quad_func_complete_square_simple
1546,jh_quad_func_discriminant_intercepts,jh_quad_func_axis_intercepts
1547,jh_quad_func_discriminant_intercepts,jh_quad_func_max_min_vertex
1548,jh_quad_func_discriminant_intercepts,jh_quad_func_complete_square_general
1549,jh_quad_func_word_problem,jh_quad_func_discriminant_intercepts
1550,jh_quad_func_word_problem,jh_quad_func_axis_intercepts
1551,jh_quad_func_word_problem,jh_quad_func_max_min_vertex
1552,jh_stats_box_plot_draw,jh_stats_cumulative_relative_freq
1553,jh_stats_box_plot_draw,jh_stats_relative_freq
1554,jh_stats_box_plot_draw,jh_stats_freq_polygon_plot
1555,jh_stats_box_plot_read,jh_stats_box_plot_draw
1556,jh_stats_box_plot_read,jh_stats_cumulative_relative_freq
1557,jh_stats_box_plot_read,jh_stats_relative_freq
1558,jh_prob_def_classical,contingency_table_prob
1559,jh_prob_def_classical,prob_bayes_theorem
1560,jh_prob_def_classical,prob_independent_events
1561,jh_prob_list_outcomes_simple,jh_prob_def_classical
1562,jh_prob_list_outcomes_simple,contingency_table_prob
1563,jh_prob_list_outcomes_simple,prob_bayes_theorem
1564,jh_prob_list_outcomes_tree_diagram,jh_prob_list_outcomes_simple
1565,jh_prob_list_outcomes_tree_diagram,jh_prob_def_classical
1566,jh_prob_list_outcomes_tree_diagram,contingency_table_prob
1567,jh_prob_list_outcomes_table,jh_prob_list_outcomes_tree_diagram
1568,jh_prob_list_outcomes_table,jh_prob_list_outcomes_simple
1569,jh_prob_list_outcomes_table,jh_prob_def_classical
1570,jh_prob_event_complementary,jh_prob_list_outcomes_table
1571,jh_prob_event_complementary,jh_prob_list_outcomes_tree_diagram
1572,jh_prob_event_complementary,jh_prob_list_outcomes_simple
1573,jh_geo_3d_plane_def,jh_prob_event_complementary
1574,jh_geo_3d_line_plane_relations_simple,jh_geo_3d_plane_def
1575,jh_geo_3d_plane_relations_simple,jh_geo_3d_line_plane_relations_simple
1576,jh_geo_3d_plane_relations_simple,jh_geo_3d_plane_def
1577,jh_geo_3d_skew_lines_def,jh_geo_3d_plane_relations_simple
1578,jh_geo_3d_skew_lines_def,jh_geo_3d_line_plane_relations_simple
1579,jh_geo_3d_skew_lines_def,jh_geo_3d_plane_def
1580,jh_geo_3d_prism_def,jh_geo_3d_skew_lines_def
1581,jh_geo_3d_prism_def,jh_geo_3d_plane_relations_simple
1582,jh_geo_3d_prism_def,jh_geo_3d_line_plane_relations_simple
1583,jh_geo_3d_pyramid_def,jh_geo_3d_prism_def
1584,jh_geo_3d_pyramid_def,jh_geo_3d_skew_lines_def
1585,jh_geo_3d_pyramid_def,jh_geo_3d_plane_relations_simple
1586,jh_geo_3d_surface_area_prism,jh_geo_3d_pyramid_def
1587,jh_geo_3d_surface_area_prism,jh_geo_3d_prism_def
1588,jh_geo_3d_surface_area_prism,jh_geo_3d_skew_lines_def
1589,jh_geo_3d_surface_area_pyramid,jh_geo_3d_surface_area_prism
1590,jh_geo_3d_surface_area_pyramid,jh_geo_3d_pyramid_def
1591,jh_geo_3d_surface_area_pyramid,jh_geo_3d_prism_def
1592,jh_geo_3d_volume_prism,jh_geo_3d_surface_area_pyramid
1593,jh_geo_3d_volume_prism,jh_geo_3d_surface_area_prism
1594,jh_geo_3d_volume_prism,jh_geo_3d_pyramid_def
1595,jh_geo_3d_volume_pyramid,jh_geo_3d_volume_prism
1596,jh_geo_3d_volume_pyramid,jh_geo_3d_surface_area_pyramid
1597,jh_geo_3d_volume_pyramid,jh_geo_3d_surface_area_prism
